,score,protein1,protein2
591,0.912,AANAT,INMT
904,0.962,ACAN,DCN
785,0.966,ACY1,OTC
661,0.906,ADCYAP1,SCTR
116,0.99,ADGRV1,USH1C
797,0.909,ADI1,MRI1
842,0.978,ADRM1,PSMA4
21,0.973,AHSA1,FKBP4
704,0.939,AKAP11,PRKACA
705,0.948,AKAP11,PRKACB
828,0.927,AKIRIN2,PSMA4
372,0.905,AKNAD1,CD74
12,0.914,AKT1,FKBP4
696,0.962,AKT1S1,RB1CC1
30,0.964,ALDH1A1,CYP26B1
44,0.988,ALDH1A2,CYP26B1
43,0.973,ALDH1A3,CYP26B1
128,0.995,ANKS4B,USH1C
660,0.967,ANO6,SCTR
808,0.996,ANPEP,RTN4R
594,0.912,AOC1,INMT
37,0.921,AOX1,CYP26B1
193,0.964,APC,DVL2
214,0.908,APC2,DVL2
800,0.992,APIP,MRI1
406,0.985,APP,CD74
23,0.928,AR,FKBP4
1,0.952,ARF5,RAB11FIP3
784,0.993,ARG1,OTC
786,0.993,ARG2,OTC
472,0.993,ARMC8,RANBP9
293,0.999,ARNTL,CRY1
204,0.929,ARRB1,DVL2
182,0.981,ARRB2,DVL2
796,0.963,ASL,OTC
793,0.999,ASS1,OTC
697,0.949,ATG10,RB1CC1
770,0.937,ATG10,GABARAPL2
700,0.999,ATG101,RB1CC1
682,0.989,ATG12,RB1CC1
737,0.999,ATG12,GABARAPL2
701,0.999,ATG13,RB1CC1
761,0.987,ATG13,GABARAPL2
689,0.999,ATG14,RB1CC1
776,0.994,ATG14,GABARAPL2
683,0.999,ATG16L1,RB1CC1
740,0.99,ATG16L1,GABARAPL2
688,0.961,ATG16L2,RB1CC1
702,0.936,ATG3,RB1CC1
763,0.999,ATG3,GABARAPL2
766,0.995,ATG4A,GABARAPL2
769,0.999,ATG4B,GABARAPL2
759,0.99,ATG4C,GABARAPL2
746,0.993,ATG4D,GABARAPL2
676,0.97,ATG5,RB1CC1
748,0.999,ATG5,GABARAPL2
678,0.915,ATG7,RB1CC1
744,0.999,ATG7,GABARAPL2
623,0.975,ATM,ERCC1
628,0.912,ATP23,ERCC1
197,0.999,AXIN1,DVL2
177,0.969,AXIN2,DVL2
728,0.988,B3GALT6,B4GALT7
654,0.979,B4GALT7,XYLT2
727,0.978,B4GALT7,XYLT1
114,0.938,BAG3,HSPB6
148,0.936,BAIAP2L1,WASL
195,0.934,BAMBI,DVL2
735,0.972,BCL2L13,GABARAPL2
648,0.942,BCS1L,COX15
670,0.999,BECN1,RB1CC1
756,0.992,BECN1,GABARAPL2
684,0.954,BECN2,RB1CC1
739,0.953,BECN2,GABARAPL2
925,0.989,BGN,DCN
284,0.969,BHLHE40,CRY1
304,0.978,BHLHE41,CRY1
630,0.955,BIVM-ERCC5,ERCC1
885,0.991,BLNK,LCP2
751,0.997,BNIP3,GABARAPL2
765,0.999,BNIP3L,GABARAPL2
801,0.928,BOD1L1,CXXC1
802,0.927,BOD1L1,SETD1A
803,0.915,BOD1L1,RBBP5
575,0.979,BRAF,PPP5C
633,0.93,BRCA1,ERCC1
893,0.999,BTK,LCP2
511,0.947,BTRC,CD4
685,0.983,C9orf72,RB1CC1
155,0.91,CACNA1C,CACNG3
154,0.957,CACNA1D,CACNG3
151,0.927,CACNA1F,CACNG3
152,0.916,CACNA1S,CACNG3
150,0.978,CACNA2D1,CACNG3
159,0.915,CACNA2D4,CACNG3
160,0.912,CACNB1,CACNG3
163,0.938,CACNB3,CACNG3
156,0.958,CACNB4,CACNG3
153,0.974,CACNG1,CACNG3
149,0.939,CACNG3,CACNG7
157,0.913,CACNG3,CACNG8
158,0.905,CACNG3,CACNG4
161,0.923,CACNG3,GRIA2
162,0.908,CACNG3,CACNG6
791,0.975,CAD,OTC
693,0.999,CALCOCO2,RB1CC1
771,0.996,CALCOCO2,GABARAPL2
315,0.943,CALM3,CAMK1G
314,0.907,CAMK1G,NOS3
54,0.936,CANX,CFTR
899,0.981,CBL,LCP2
972,0.937,CCDC105,MRPS10
236,0.992,CCL11,CX3CL1
247,0.92,CCL20,CX3CL1
241,0.931,CCL21,CX3CL1
257,0.904,CCL4,CX3CL1
554,0.939,CCL4,CD4
243,0.971,CCL5,CX3CL1
921,0.939,CCN2,DCN
675,0.999,CCPG1,RB1CC1
255,0.905,CCR1,CX3CL1
254,0.997,CCR2,CX3CL1
533,0.909,CCR2,CD4
252,0.93,CCR3,CX3CL1
237,0.977,CCR5,CX3CL1
487,0.999,CCR5,CD4
238,0.915,CCR7,CX3CL1
492,0.947,CCR7,CD4
571,0.908,CCT2,PPP5C
577,0.911,CCT3,PPP5C
572,0.926,CCT4,PPP5C
583,0.908,CCT5,PPP5C
586,0.913,CCT6A,PPP5C
579,0.905,CCT6B,PPP5C
573,0.908,CCT7,PPP5C
568,0.917,CCT8,PPP5C
486,0.936,CD19,CD4
510,0.911,CD1D,CD4
482,0.996,CD2,CD4
253,0.971,CD200R1,CX3CL1
498,0.989,CD247,CD4
866,0.941,CD247,LCP2
566,0.931,CD27,CD4
489,0.938,CD274,CD4
508,0.971,CD28,CD4
733,0.979,CD300C,GABARAPL2
499,0.932,CD38,CD4
536,0.982,CD3D,CD4
884,0.907,CD3D,LCP2
529,0.991,CD3E,CD4
500,0.985,CD3G,CD4
475,0.999,CD4,LCK
476,0.941,CD4,HLA-DMB
477,0.93,CD4,IL5
478,0.945,CD4,PDCD1LG2
479,0.95,CD4,SKP1
480,0.994,CD4,ENPEP
481,0.945,CD4,HLA-DRB5
483,0.938,CD4,HLA-DOB
484,0.94,CD4,PRF1
485,0.977,CD4,HLA-DPA1
488,0.976,CD4,IL10
490,0.964,CD4,FCGR3A
491,0.991,CD4,IFNG
493,0.958,CD4,CD80
494,0.999,CD4,CD8A
495,0.996,CD4,ERVW-1
496,0.905,CD4,GOLPH3
497,0.98,CD4,FYN
501,0.924,CD4,CD40
502,0.903,CD4,FBXW11
503,0.936,CD4,GZMB
504,0.999,CD4,ITIH4
505,0.997,CD4,HLA-DRA
506,0.913,CD4,IL22
507,0.936,CD4,IL2RA
509,0.96,CD4,IL7R
512,0.968,CD4,CD82
513,0.959,CD4,FCGR3B
514,0.902,CD4,TLR4
515,0.902,CD4,FCGR1A
516,0.914,CD4,LAG3
517,0.921,CD4,CD8B2
518,0.981,CD4,PTPRC
519,0.929,CD4,ICOS
520,0.949,CD4,ITGAX
521,0.961,CD4,HLA-DQA2
522,0.95,CD4,CD44
523,0.983,CD4,CD40LG
524,0.999,CD4,CXCR4
525,0.968,CD4,TNF
526,0.958,CD4,IL1B
527,0.901,CD4,CD7
528,0.96,CD4,PDCD1
530,0.909,CD4,IL7
531,0.958,CD4,CD86
532,0.981,CD4,SYK
534,0.955,CD4,CTLA4
535,0.948,CD4,CD69
537,0.96,CD4,HLA-DPB1
538,0.975,CD4,IL2
539,0.982,CD4,CD81
540,0.969,CD4,ICAM1
541,0.914,CD4,RBX1
542,0.931,CD4,SELL
543,0.934,CD4,HLA-DOA
544,0.931,CD4,IL13
545,0.951,CD4,HLA-DQB1
546,0.942,CD4,TRAT1
547,0.98,CD4,CD8B
548,0.979,CD4,FOXP3
549,0.943,CD4,ITGAM
550,0.947,CD4,TBX21
551,0.942,CD4,PLAT
552,0.917,CD4,IL15
553,0.916,CD4,FN1
555,0.997,CD4,CD5
556,0.909,CD4,CXCR5
557,0.944,CD4,CUL1
558,0.995,CD4,ZAP70
559,0.966,CD4,IL6
560,0.97,CD4,IL4
561,0.96,CD4,HLA-DMA
562,0.998,CD4,IL16
563,0.994,CD4,HLA-DRB1
564,0.982,CD4,HLA-DQA1
565,0.972,CD4,IL17A
333,0.999,CD44,CD74
877,0.905,CD6,LCP2
316,0.98,CD74,RPL30
317,0.978,CD74,RPS17
318,0.971,CD74,MRPL36
319,0.982,CD74,HLA-DPB1
320,0.923,CD74,RSAD1
321,0.982,CD74,RPL4
322,0.98,CD74,RPS7
323,0.94,CD74,RPLP1
324,0.997,CD74,HLA-DQB1
325,0.981,CD74,RPS5
326,0.966,CD74,HLA-DOA
327,0.937,CD74,RPL26L1
328,0.967,CD74,MRPL33
329,0.98,CD74,RPS28
330,0.978,CD74,RPS25
331,0.937,CD74,MED1
332,0.994,CD74,CXCR4
334,0.935,CD74,RPL10A
335,0.992,CD74,HLA-DQA2
336,0.971,CD74,MRPL12
337,0.969,CD74,MRPL21
338,0.98,CD74,RPL8
339,0.981,CD74,RPS20
340,0.957,CD74,MRPS9
341,0.981,CD74,CTSS
342,0.981,CD74,RPL23A
343,0.935,CD74,RPL17
344,0.966,CD74,HLA-DQB2
345,0.979,CD74,RPS8
346,0.971,CD74,MRPL17
347,0.904,CD74,RPL22L1
348,0.981,CD74,RPS15
349,0.981,CD74,RPS2
350,0.975,CD74,RPL24
351,0.935,CD74,RPS10-NUDT3
352,0.972,CD74,RPL37A
353,0.969,CD74,MRPS6
354,0.973,CD74,UBA52
355,0.978,CD74,RPS6
356,0.937,CD74,RPL26
357,0.932,CD74,LGMN
358,0.972,CD74,TUFM
359,0.981,CD74,RPS24
360,0.981,CD74,RPL11
361,0.934,CD74,RPS27L
362,0.979,CD74,RPS21
363,0.98,CD74,RPL9
364,0.977,CD74,RPL18
365,0.994,CD74,HLA-DMA
366,0.936,CD74,RPL7
367,0.938,CD74,IMP3
368,0.968,CD74,MRPL32
369,0.976,CD74,RPL13
370,0.999,CD74,MIF
371,0.98,CD74,RPL6
373,0.981,CD74,RPL36
374,0.978,CD74,RPL27A
375,0.994,CD74,HLA-DQA1
376,0.935,CD74,RPS10
377,0.995,CD74,HLA-DRB1
378,0.974,CD74,RPL7A
379,0.981,CD74,RPL23
380,0.932,CD74,RPL7L1
381,0.985,CD74,RPS19
382,0.934,CD74,CXorf66
383,0.97,CD74,MRPS16
384,0.976,CD74,RACK1
385,0.977,CD74,RPL15
386,0.98,CD74,RPL35
387,0.981,CD74,RPSA
388,0.979,CD74,RPS12
389,0.978,CD74,RPL19
390,0.981,CD74,RPS16
391,0.982,CD74,RPL5
392,0.979,CD74,RPL34
393,0.982,CD74,RPS18
394,0.93,CD74,RPL10
395,0.994,CD74,CXCR2
396,0.977,CD74,RPL12
397,0.954,CD74,CTSB
398,0.935,CD74,RPLP2
399,0.94,CD74,IFI35
400,0.982,CD74,RPS9
401,0.981,CD74,RPL38
402,0.931,CD74,RPL39
403,0.943,CD74,RPL13A
404,0.93,CD74,RPL10L
405,0.935,CD74,RPL17-C18orf32
407,0.979,CD74,RPS23
408,0.927,CD74,RSRC1
409,0.959,CD74,MRPL20
410,0.982,CD74,HLA-DMB
411,0.997,CD74,FAU
412,0.967,CD74,PDCD11
413,0.905,CD74,RPL22
414,0.979,CD74,RPL29
415,0.979,CD74,RPL27
416,0.983,CD74,RPLP0
417,0.979,CD74,RPL32
418,0.942,CD74,EIF1AY
419,0.974,CD74,RPS27A
420,0.975,CD74,HLA-DOB
421,0.98,CD74,RPS3A
422,0.986,CD74,HLA-DRB5
423,0.993,CD74,CTSL
424,0.98,CD74,RPS13
425,0.983,CD74,RPS3
426,0.934,CD74,RPL3L
427,0.993,CD74,HLA-DPA1
428,0.909,CD74,MRNIP
429,0.981,CD74,RPS11
430,0.977,CD74,RPL28
431,0.937,CD74,RPS27
432,0.909,CD74,DOCK4
433,0.908,CD74,EIF5B
434,0.968,CD74,MRPL9
435,0.937,CD74,RPL3
436,0.978,CD74,RPL31
437,0.947,CD74,FLT3LG
438,0.975,CD74,RPL37
439,0.951,CD74,MRPL27
440,0.975,CD74,RPL35A
441,0.969,CD74,MRPL19
442,0.98,CD74,RPS26
443,0.973,CD74,RPL18A
444,0.934,CD74,EIF1AX
445,0.945,CD74,EEF2
446,0.999,CD74,HLA-DRA
447,0.979,CD74,RPL21
448,0.931,CD74,RPL39L
449,0.981,CD74,RPL14
450,0.965,CD74,DDT
451,0.931,CD74,FANCE
452,0.98,CD74,RPS29
580,0.995,CDC37,PPP5C
664,0.929,CDH1,SNAI2
713,0.991,CDH17,CTNND2
714,0.99,CDH17,VCL
715,0.995,CDH17,PECAM1
716,0.949,CDH17,OCLN
717,0.927,CDH17,DSP
718,0.991,CDH17,KDR
719,0.925,CDH17,PSEN1
720,0.999,CDH17,CTNND1
721,0.927,CDH17,CTNNA2
722,0.983,CDH17,CTNNA1
723,0.992,CDH17,NECTIN1
724,0.999,CDH17,CTNNB1
725,0.929,CDH17,KLRG1
726,0.95,CDH17,TJP1
125,0.999,CDH23,USH1C
126,0.909,CDHR5,USH1C
455,0.956,CEL,CPA1
460,0.989,CELA3A,CPA1
461,0.973,CELA3B,CPA1
629,0.971,CETN2,ERCC1
52,0.976,CFTR,PRKACG
53,0.979,CFTR,RNF5
55,0.992,CFTR,GOPC
56,0.91,CFTR,SLC26A9
57,0.944,CFTR,YWHAB
58,0.901,CFTR,PRKAG3
59,0.917,CFTR,DERL1
60,0.964,CFTR,TJP1
61,0.982,CFTR,PRKACA
62,0.922,CFTR,PRKAG1
63,0.944,CFTR,PRKAB2
64,0.986,CFTR,HSPA8
65,0.975,CFTR,SLC9A3R2
66,0.908,CFTR,PRKAB1
67,0.986,CFTR,HSP90AA1
68,0.925,CFTR,KCNJ1
69,0.957,CFTR,FLNA
70,0.905,CFTR,PRKAG2
71,0.914,CFTR,YWHAG
72,0.953,CFTR,PRKAA1
73,0.976,CFTR,PRKACB
74,0.925,CFTR,HSPA4
75,0.938,CFTR,VCP
76,0.964,CFTR,HSP90AB1
77,0.907,CFTR,PRKAA2
78,0.921,CFTR,SLC26A6
79,0.969,CFTR,PDZK1
80,0.935,CFTR,USP10
81,0.917,CFTR,YWHAZ
82,0.999,CFTR,SLC9A3R1
83,0.97,CFTR,STUB1
98,0.976,CH25H,CYP51A1
729,0.936,CHPF2,CSGALNACT2
730,0.933,CHPF2,CSGALNACT1
825,0.939,CHRNA3,PSMA4
835,0.946,CHRNA5,PSMA4
827,0.938,CHRNB4,PSMA4
287,0.999,CLOCK,CRY1
123,0.909,CLRN1,USH1C
941,0.937,COL14A1,DCN
943,0.923,COL1A1,DCN
929,0.93,COL1A2,DCN
935,0.935,COL3A1,DCN
642,0.999,COX10,COX15
649,0.931,COX11,COX15
636,0.978,COX15,UQCRFS1
637,0.991,COX15,MT-CO2
638,0.992,COX15,SURF1
639,0.976,COX15,SCO2
640,0.961,COX15,CYC1
641,0.98,COX15,SCO1
643,0.931,COX15,COX6B1
644,0.994,COX15,MT-CO3
645,0.992,COX15,MT-CO1
646,0.914,COX15,PET117
647,0.941,COX15,COX5A
453,0.938,CPA1,CPA2
454,0.933,CPA1,CTRC
456,0.973,CPA1,CTRB1
457,0.939,CPA1,CTRB2
458,0.969,CPA1,CPB1
459,0.922,CPA1,CPA3
462,0.946,CPA1,CTRL
795,0.998,CPS1,OTC
280,0.918,CRY1,PRKAG3
281,0.935,CRY1,PRH2
282,0.94,CRY1,PRH1
283,0.999,CRY1,NPAS2
285,0.945,CRY1,NFIL3
286,0.999,CRY1,CRY2
288,0.976,CRY1,NR1D1
289,0.923,CRY1,PRKAB2
290,0.997,CRY1,TIMELESS
291,0.993,CRY1,CSNK1D
292,0.913,CRY1,PRKAG1
294,0.923,CRY1,PRKAA1
295,0.999,CRY1,FBXL3
296,0.961,CRY1,TPTEP2-CSNK1E
297,0.914,CRY1,NR3C1
298,0.999,CRY1,CSNK1E
299,0.922,CRY1,RORB
300,0.908,CRY1,PRKAG2
301,0.998,CRY1,PER1
302,0.92,CRY1,PRKAB1
303,0.999,CRY1,PER2
305,0.935,CRY1,RORA
306,0.999,CRY1,PER3
307,0.923,CRY1,PRKAA2
308,0.967,CRY1,NR1D2
239,0.953,CSF2,CX3CL1
244,0.942,CSF3,CX3CL1
202,0.967,CSNK1E,DVL2
199,0.943,CSNK2A1,DVL2
189,0.918,CSNK2A2,DVL2
174,0.906,CSNK2A3,DVL2
183,0.94,CSNK2B,DVL2
175,0.93,CTNNB1,DVL2
240,0.923,CX3CL1,IFNG
242,0.939,CX3CL1,CXCL1
245,0.968,CX3CL1,FGF13
246,0.971,CX3CL1,FGF2
248,0.995,CX3CL1,CXCR4
249,0.994,CX3CL1,CXCR1
250,0.999,CX3CL1,CX3CR1
251,0.939,CX3CL1,CXCR6
256,0.99,CX3CL1,CXCR3
258,0.915,CX3CL1,CXCR2
259,0.926,CX3CL1,CXCL9
260,0.961,CX3CL1,EGF
261,0.914,CX3CL1,CXCL16
262,0.948,CX3CL1,CXCL10
164,0.915,CXXC4,DVL2
36,0.943,CYP1A1,CYP26B1
34,0.945,CYP1A2,CYP26B1
779,0.944,CYP1B1,MYOC
31,0.919,CYP26A1,CYP26B1
24,0.938,CYP26B1,CYP2C9
25,0.927,CYP26B1,CYP4A22
26,0.936,CYP26B1,CYP3A7
27,0.935,CYP26B1,CYP3A5
28,0.94,CYP26B1,CYP2C8
29,0.941,CYP26B1,CYP2S1
32,0.922,CYP26B1,CYP26C1
33,0.932,CYP26B1,CYP3A7-CYP3A51P
35,0.939,CYP26B1,CYP3A4
38,0.937,CYP26B1,CYP2C18
39,0.936,CYP26B1,CYP2A6
40,0.936,CYP26B1,CYP2B6
41,0.926,CYP26B1,CYP4A11
42,0.934,CYP26B1,STRA8
84,0.989,CYP51A1,NSDHL
85,0.992,CYP51A1,DHCR24
86,0.985,CYP51A1,SIGMAR1
87,0.984,CYP51A1,HMGCS1
88,0.96,CYP51A1,POR
89,0.995,CYP51A1,ERG28
90,0.987,CYP51A1,SC5D
91,0.997,CYP51A1,FDFT1
92,0.996,CYP51A1,HSD17B7
93,0.918,CYP51A1,SREBF2
94,0.978,CYP51A1,DHCR7
95,0.993,CYP51A1,LBR
96,0.999,CYP51A1,LSS
97,0.921,CYP51A1,HMGCS2
99,0.972,CYP51A1,FAXDC2
100,0.942,CYP51A1,IDI1
101,0.998,CYP51A1,SQLE
102,0.948,CYP51A1,HMGCR
103,0.996,CYP51A1,TM7SF2
104,0.996,CYP51A1,MSMO1
209,0.978,DAAM1,DVL2
212,0.936,DAAM2,DVL2
171,0.992,DACT1,DVL2
620,0.943,DCLRE1C,ERCC1
903,0.954,DCN,FGF7
905,0.958,DCN,ERBB2
906,0.988,DCN,TLR4
907,0.954,DCN,MFAP2
908,0.981,DCN,VCAN
909,0.905,DCN,FGF5
910,0.936,DCN,FGF8
911,0.912,DCN,FBN1
912,0.999,DCN,EGFR
913,0.945,DCN,VTN
914,0.905,DCN,FGF17
915,0.935,DCN,SDC1
916,0.94,DCN,FGF22
917,0.978,DCN,LUM
918,0.922,DCN,ERBB4
919,0.937,DCN,FGF9
920,0.999,DCN,TGFB1
922,0.996,DCN,FN1
923,0.905,DCN,SPARC
924,0.937,DCN,FGF18
926,0.99,DCN,TLR2
927,0.936,DCN,FGF6
928,0.931,DCN,KDR
930,0.938,DCN,FGF20
931,0.917,DCN,EGF
932,0.936,DCN,FGF3
933,0.989,DCN,YBX1
934,0.986,DCN,MET
936,0.913,DCN,ERBB3
937,0.991,DCN,YBX3
938,0.936,DCN,FGF4
939,0.993,DCN,ELN
940,0.938,DCN,FMOD
942,0.964,DCN,P3H3
944,0.986,DCN,HSPG2
945,0.961,DCN,TGFB3
946,0.989,DCN,IGF1
947,0.938,DCN,FGF16
948,0.943,DCN,FGF10
588,0.942,DDC,INMT
464,0.91,DDX4,RANBP9
817,0.994,DESI1,PSMA4
14,0.957,DNAJB1,FKBP4
584,0.909,DNAJC9,PPP5C
709,0.999,DPM2,PIGQ
176,0.991,DVL1,DVL2
165,0.911,DVL2,GNAQ
166,0.921,DVL2,FRAT1
167,0.93,DVL2,NOTCH3
168,0.916,DVL2,WNT3A
169,0.994,DVL2,VANGL1
170,0.99,DVL2,DVL3
172,0.964,DVL2,FZD5
173,0.904,DVL2,FRAT2
178,0.931,DVL2,NOTCH1
179,0.957,DVL2,NKD2
180,0.979,DVL2,PRICKLE1
181,0.942,DVL2,WWTR1
184,0.985,DVL2,FZD4
185,0.97,DVL2,PRICKLE3
186,0.964,DVL2,FZD7
187,0.956,DVL2,FZD2
188,0.926,DVL2,NOTCH2
190,0.962,DVL2,NKD1
191,0.993,DVL2,LRP6
192,0.937,DVL2,FZD8
194,0.928,DVL2,FZD1
196,0.976,DVL2,GSK3B
198,0.978,DVL2,WNT5A
200,0.958,DVL2,PARD6A
201,0.906,DVL2,SENP2
203,0.914,DVL2,PLK1
205,0.971,DVL2,PRICKLE2
206,0.914,DVL2,NOTCH4
207,0.933,DVL2,FZD6
208,0.969,DVL2,PRICKLE4
210,0.994,DVL2,VANGL2
211,0.942,DVL2,INVS
213,0.927,DVL2,FZD9
632,0.931,EME1,ERCC1
798,0.975,ENOPH1,MRI1
997,0.986,ERAL1,MRPS10
595,0.996,ERCC1,ERCC2
596,0.974,ERCC1,RAD52
597,0.977,ERCC1,ERCC8
598,0.926,ERCC1,PAXX
599,0.907,ERCC1,KDM1A
600,0.901,ERCC1,RCOR1
601,0.933,ERCC1,FANCM
602,0.962,ERCC1,XRCC4
603,0.997,ERCC1,ERCC5
604,0.994,ERCC1,XPC
605,0.908,ERCC1,RAD51
606,0.966,ERCC1,LIG4
607,0.992,ERCC1,MSH2
608,0.999,ERCC1,ERCC4
609,0.999,ERCC1,XPA
610,0.982,ERCC1,XRCC5
611,0.994,ERCC1,ERCC3
612,0.967,ERCC1,XRCC1
613,0.972,ERCC1,XRCC6
614,0.95,ERCC1,MSH3
615,0.974,ERCC1,MSH6
616,0.946,ERCC1,FEN1
617,0.953,ERCC1,POLD1
618,0.907,ERCC1,FANCI
619,0.998,ERCC1,RAD23B
621,0.994,ERCC1,SLX1A
622,0.998,ERCC1,MUS81
624,0.958,ERCC1,PRKDC
625,0.926,ERCC1,ERCC6
626,0.943,ERCC1,NHEJ1
627,0.938,ERCC1,PHF21A
631,0.951,ERCC1,FANCD2
634,0.999,ERCC1,SLX4
141,0.929,EXOC1,RALA
144,0.999,EXOC2,RALA
142,0.988,EXOC4,RALA
130,0.96,EXOC5,RALA
133,0.999,EXOC8,RALA
782,0.909,FBN1,MYOC
111,0.966,FBXW7,USP28
6,0.979,FKBP4,STIP1
7,0.945,FKBP4,NR3C2
8,0.972,FKBP4,FKBP5
9,0.942,FKBP4,HSPA8
10,0.983,FKBP4,GLMN
11,0.961,FKBP4,MTOR
13,0.99,FKBP4,PTGES3
15,0.937,FKBP4,PPID
16,0.999,FKBP4,HSP90AB1
17,0.998,FKBP4,HSPA4
18,0.996,FKBP4,NR3C1
19,0.999,FKBP4,HSP90AA1
20,0.977,FKBP4,PGR
22,0.993,FKBP4,PHLPP1
147,0.93,FLNA,RALA
635,0.983,FPR3,HEBP1
47,0.928,FUCA1,FUCA2
752,0.986,FUNDC1,GABARAPL2
233,0.981,FYB1,SKAP2
887,0.999,FYB1,LCP2
867,0.993,FYN,LCP2
687,0.97,GABARAP,RB1CC1
734,0.964,GABARAP,GABARAPL2
694,0.967,GABARAPL1,RB1CC1
773,0.952,GABARAPL1,GABARAPL2
672,0.953,GABARAPL2,RB1CC1
731,0.901,GABARAPL2,PLEKHM1
732,0.94,GABARAPL2,WIPI2
736,0.905,GABARAPL2,MAP1B
738,0.938,GABARAPL2,PRKACB
741,0.999,GABARAPL2,SQSTM1
742,0.999,GABARAPL2,NBR1
743,0.923,GABARAPL2,MAP1A
745,0.974,GABARAPL2,SIRT1
747,0.927,GABARAPL2,TBC1D5
749,0.923,GABARAPL2,PEX6
750,0.953,GABARAPL2,PEX10
753,0.946,GABARAPL2,PSMD4
754,0.997,GABARAPL2,ULK1
755,0.983,GABARAPL2,TBC1D15
757,0.985,GABARAPL2,TAX1BP1
758,0.936,GABARAPL2,ULK2
760,0.932,GABARAPL2,RETREG1
762,0.937,GABARAPL2,PRKACG
764,0.938,GABARAPL2,PRKACA
767,0.972,GABARAPL2,TBC1D17
768,0.912,GABARAPL2,PIK3R4
772,0.974,GABARAPL2,TP53INP2
774,0.982,GABARAPL2,TBC1D25
775,0.994,GABARAPL2,UBA5
777,0.984,GABARAPL2,PIK3C3
778,0.998,GABARAPL2,OPTN
788,0.984,GBE1,OTC
4,0.957,GGA1,M6PR
3,0.911,GGA2,M6PR
2,0.993,GGA3,M6PR
465,0.99,GID4,RANBP9
467,0.995,GID8,RANBP9
655,0.993,GNAS,SCTR
659,0.959,GNB1,SCTR
658,0.907,GNG2,SCTR
218,0.935,GPN1,RPAP3
896,0.971,GRAP,LCP2
875,0.999,GRAP2,LCP2
587,0.926,GRB2,MAP4K5
652,0.918,GRB2,XYLT2
886,0.999,GRB2,LCP2
662,0.924,HDAC1,SNAI2
959,0.954,HIBCH,MRPS10
222,0.99,HSP90AA1,RPAP3
578,0.997,HSP90AA1,PPP5C
225,0.992,HSP90AB1,RPAP3
581,0.997,HSP90AB1,PPP5C
309,0.963,HSPA4,PGLYRP1
115,0.904,HSPA9,PDK4
112,0.902,HSPB1,HSPB6
113,0.916,HSPB6,SFN
589,0.913,IDO1,INMT
592,0.942,IDO2,INMT
5,0.991,IGF2R,M6PR
590,0.95,INMT,MAOB
593,0.93,INMT,MAOA
234,0.901,ITGA4,SKAP2
235,0.914,ITGB1,SKAP2
865,0.999,ITK,LCP2
667,0.974,KDM1A,SNAI2
474,0.962,L1CAM,RANBP9
864,0.999,LAT,LCP2
871,0.999,LCK,LCP2
868,0.96,LCP2,TYROBP
869,0.977,LCP2,NCK2
870,0.977,LCP2,RABIF
872,0.917,LCP2,TEC
873,0.933,LCP2,MAP4K1
874,0.948,LCP2,PTPN11
876,0.999,LCP2,VAV3
878,0.978,LCP2,PTPN6
879,0.967,LCP2,LYN
880,0.935,LCP2,PTPRC
881,0.999,LCP2,VAV1
882,0.926,LCP2,RAP1B
883,0.999,LCP2,PLCG1
888,0.998,LCP2,PLCG2
889,0.931,LCP2,SOS1
890,0.925,LCP2,RAP1A
891,0.999,LCP2,SYK
892,0.945,LCP2,SHC1
894,0.999,LCP2,NCK1
895,0.999,LCP2,ZAP70
897,0.969,LCP2,SRC
898,0.917,LCP2,RANGAP1
900,0.987,LCP2,SKAP1
901,0.995,LCP2,VAV2
902,0.979,LCP2,WAS
807,0.995,LINGO1,RTN4R
469,0.952,MAEA,RANBP9
809,0.999,MAG,RTN4R
567,0.97,MAP3K5,PPP5C
698,0.912,MAP3K5,RB1CC1
136,0.926,MAPK8,RALA
129,0.925,MAPK9,RALA
978,0.947,MED1,MRPS10
473,0.998,MKLN1,RANBP9
466,0.943,MPHOSPH8,RANBP9
799,0.991,MRI1,MTAP
981,0.997,MRPL12,MRPS10
964,0.998,MRPL17,MRPS10
995,0.938,MRPL18,MRPS10
976,0.998,MRPL21,MRPS10
996,0.997,MRPL3,MRPS10
985,0.998,MRPL33,MRPS10
991,0.999,MRPL36,MRPS10
962,0.906,MRPL50,MRPS10
970,0.936,MRPL51,MRPS10
954,0.993,MRPS10,MRPS23
955,0.905,MRPS10,RPL26
956,0.951,MRPS10,UBA52
957,0.976,MRPS10,RPS6
958,0.986,MRPS10,MRPS28
960,0.983,MRPS10,RPS15
961,0.959,MRPS10,RPS2
963,0.997,MRPS10,MRPS24
965,0.974,MRPS10,RPS8
966,0.982,MRPS10,RPL37A
967,0.92,MRPS10,RPS10-NUDT3
968,0.999,MRPS10,MRPS6
969,0.972,MRPS10,RPL24
971,0.915,MRPS10,MTIF3
973,0.995,MRPS10,MRPS33
974,0.999,MRPS10,MRPS9
975,0.998,MRPS10,MRPS25
977,0.987,MRPS10,RPL23A
979,0.979,MRPS10,RPS25
980,0.998,MRPS10,MRPS31
982,0.997,MRPS10,MRPS22
983,0.95,MRPS10,RPS5
984,0.979,MRPS10,RPS28
986,0.997,MRPS10,MRPS18A
987,0.977,MRPS10,RPS7
988,0.943,MRPS10,POLR1C
989,0.901,MRPS10,RPL4
990,0.964,MRPS10,RPLP1
992,0.946,MRPS10,POLR2C
993,0.972,MRPS10,RPS17
994,0.983,MRPS10,RPL30
998,0.983,MRPS10,RPL5
999,0.992,MRPS10,MRPS26
1000,0.913,MRPS10,WDR31
650,0.915,MS4A12,MS4A4E
695,0.982,MTOR,RB1CC1
110,0.966,MYC,USP28
117,0.999,MYO7A,USH1C
119,0.985,MYO7B,USH1C
780,0.95,MYOC,OPTN
781,0.969,MYOC,WDR36
783,0.963,MYOC,OLFM3
953,0.999,MZB1,TNFRSF17
787,0.977,NAGS,OTC
679,0.909,NBR1,RB1CC1
46,0.92,NDUFAF5,NDUFAF7
45,0.947,NDUFAF7,NDUFS2
805,0.998,NGFR,RTN4R
789,0.923,NOS1,OTC
790,0.922,NOS2,OTC
792,0.923,NOS3,OTC
692,0.999,NRBF2,RB1CC1
49,0.999,NRP1,SEMA3F
50,0.999,NRP2,SEMA3F
794,0.989,OAT,OTC
804,0.993,OMG,RTN4R
690,0.969,OPTN,RB1CC1
120,0.992,PCDH15,USH1C
215,0.987,PDRG1,RPAP3
124,0.915,PDZD7,USH1C
229,0.986,PFDN2,RPAP3
230,0.996,PFDN6,RPAP3
310,0.92,PGLYRP1,TREM1
710,0.999,PIGA,PIGQ
708,0.999,PIGC,PIGQ
707,0.999,PIGH,PIGQ
712,0.996,PIGL,PIGQ
706,0.999,PIGP,PIGQ
711,0.999,PIGQ,PIGY
217,0.999,PIH1D1,RPAP3
226,0.902,PIH1D2,RPAP3
691,0.989,PIK3C3,RB1CC1
699,0.986,PIK3R4,RB1CC1
132,0.984,PLD1,RALA
145,0.974,PLD2,RALA
48,0.992,PLXNA1,SEMA3F
51,0.999,PLXNA3,SEMA3F
232,0.988,POLR2E,RPAP3
221,0.936,POLR2J,RPAP3
816,0.999,POMP,PSMA4
569,0.962,PPP5C,STIP1
570,0.901,PPP5C,PSMG1
574,0.985,PPP5C,PTGES3
576,0.917,PPP5C,TCP1
582,0.958,PPP5C,TSC1
585,0.901,PPP5C,PSMG2
839,0.999,PSMA1,PSMA4
854,0.999,PSMA2,PSMA4
818,0.999,PSMA3,PSMA4
811,0.99,PSMA4,PSME2
812,0.966,PSMA4,UBC
813,0.999,PSMA4,PSMD8
814,0.999,PSMA4,PSMC6
815,0.999,PSMA4,PSMB3
819,0.999,PSMA4,PSMC1
820,0.999,PSMA4,PSMB8
821,0.999,PSMA4,PSMD14
822,0.999,PSMA4,PSMB9
823,0.999,PSMA4,PSMD1
824,0.999,PSMA4,PSMB2
826,0.999,PSMA4,PSMA5
829,0.999,PSMA4,PSMD2
830,0.995,PSMA4,PSMA8
831,0.999,PSMA4,PSMD7
832,0.999,PSMA4,PSMB1
833,0.998,PSMA4,PSMD13
834,0.999,PSMA4,PSMA6
836,0.978,PSMA4,RPS27A
837,0.999,PSMA4,PSMD12
838,0.995,PSMA4,UBQLN4
840,0.999,PSMA4,PSMB6
841,0.992,PSMA4,PSME1
843,0.999,PSMA4,PSMB4
844,0.999,PSMA4,PSMB5
845,0.999,PSMA4,PSMD6
846,0.999,PSMA4,PSMB7
847,0.998,PSMA4,UCHL5
848,0.982,PSMA4,PSMF1
849,0.995,PSMA4,PSMB10
850,0.97,PSMA4,UBB
851,0.971,PSMA4,PSMG2
852,0.998,PSMA4,PSMD3
853,0.996,PSMA4,USP14
855,0.999,PSMA4,PSMD4
856,0.999,PSMA4,PSMC2
857,0.999,PSMA4,PSMA7
858,0.999,PSMA4,PSMC3
859,0.999,PSMA4,PSMC4
860,0.999,PSMA4,PSMC5
861,0.992,PSMA4,PSME4
862,0.943,PSMA4,UBA52
863,0.999,PSMA4,PSMD11
680,0.994,PTK2,RB1CC1
673,0.977,PTK2B,RB1CC1
266,0.921,RAB1A,TRAPPC6A
137,0.932,RAC2,RALA
139,0.913,RAC3,RALA
131,0.93,RALA,RHOA
134,0.988,RALA,RASA1
135,0.999,RALA,RALBP1
138,0.938,RALA,RALB
140,0.981,RALA,RGL2
143,0.999,RALA,RALGDS
146,0.989,RALA,RGL1
470,0.997,RANBP10,RANBP9
463,0.996,RANBP9,WDR26
468,0.949,RANBP9,YPEL5
471,0.997,RANBP9,RMND5A
671,0.999,RB1CC1,ULK2
674,0.999,RB1CC1,ULK1
677,0.914,RB1CC1,SQSTM1
681,0.984,RB1CC1,TP53
686,0.93,RB1CC1,WIPI2
703,0.979,RB1CC1,RPTOR
231,0.931,RPAP1,RPAP3
219,0.963,RPAP2,RPAP3
216,0.999,RPAP3,RUVBL1
220,0.977,RPAP3,URI1
223,0.999,RPAP3,RUVBL2
224,0.904,RPAP3,TARBP2
227,0.995,RPAP3,WDR92
228,0.989,RPAP3,UXT
105,0.932,RPS27A,USP28
806,0.999,RTN4,RTN4R
810,0.994,RTN4R,TNFRSF19
657,0.999,SCT,SCTR
656,0.964,SCTR,VIP
669,0.999,SLC3A1,SLC7A9
668,0.988,SLC3A2,SLC7A9
651,0.92,SLC6A20,XYLT2
663,0.915,SNAI2,TP53
665,0.91,SNAI2,SOX9
666,0.952,SNAI2,TWIST1
313,0.987,STAR,STARD3NL
311,0.942,STARD3,STARD3NL
312,0.933,STARD3NL,VAPA
950,0.975,TNFRSF13B,TNFRSF17
952,0.944,TNFRSF13C,TNFRSF17
949,0.997,TNFRSF17,TNFSF13
951,0.999,TNFRSF17,TNFSF13B
106,0.998,TP53BP1,USP28
265,0.999,TRAPPC1,TRAPPC6A
272,0.992,TRAPPC10,TRAPPC6A
273,0.965,TRAPPC11,TRAPPC6A
271,0.989,TRAPPC12,TRAPPC6A
263,0.933,TRAPPC13,TRAPPC6A
264,0.999,TRAPPC2,TRAPPC6A
276,0.968,TRAPPC2B,TRAPPC6A
274,0.997,TRAPPC2L,TRAPPC6A
278,0.999,TRAPPC3,TRAPPC6A
268,0.937,TRAPPC3L,TRAPPC6A
267,0.999,TRAPPC4,TRAPPC6A
269,0.999,TRAPPC5,TRAPPC6A
270,0.998,TRAPPC6A,TRAPPC8
275,0.928,TRAPPC6A,TRAPPC6B
277,0.995,TRAPPC6A,TRAPPC9
279,0.905,TSR2,TSR3
108,0.951,UBA52,USP28
109,0.93,UBB,USP28
107,0.991,UBC,USP28
118,0.99,USH1C,USH2A
121,0.95,USH1C,WHRN
122,0.926,USH1C,USHBP1
127,0.999,USH1C,USH1G
653,0.953,XYLT1,XYLT2
