"","ensembl_gene_id","symbol"
"angiogenesis.1","ENSG00000139567","ACVRL1"
"angiogenesis.2","ENSG00000101384","JAG1"
"angiogenesis.3","ENSG00000154188","ANGPT1"
"angiogenesis.4","ENSG00000091879","ANGPT2"
"angiogenesis.5","ENSG00000174059","CD34"
"angiogenesis.6","ENSG00000070831","CDC42"
"angiogenesis.7","ENSG00000112062","MAPK14"
"angiogenesis.8","ENSG00000025708","TYMP"
"angiogenesis.9","ENSG00000078401","EDN1"
"angiogenesis.10","ENSG00000125266","EFNB2"
"angiogenesis.11","ENSG00000179388","EGR3"
"angiogenesis.12","ENSG00000196411","EPHB4"
"angiogenesis.13","ENSG00000120899","PTK2B"
"angiogenesis.14","ENSG00000138685","FGF2"
"angiogenesis.15","ENSG00000077782","FGFR1"
"angiogenesis.16","ENSG00000165197","VEGFD"
"angiogenesis.17","ENSG00000176692","FOXC2"
"angiogenesis.18","ENSG00000102755","FLT1"
"angiogenesis.19","ENSG00000037280","FLT4"
"angiogenesis.20","ENSG00000115414","FN1"
"angiogenesis.21","ENSG00000112293","GPLD1"
"angiogenesis.22","ENSG00000123358","NR4A1"
"angiogenesis.23","ENSG00000125968","ID1"
"angiogenesis.24","ENSG00000161638","ITGA5"
"angiogenesis.25","ENSG00000138448","ITGAV"
"angiogenesis.26","ENSG00000150093","ITGB1"
"angiogenesis.27","ENSG00000128052","KDR"
"angiogenesis.28","ENSG00000134013","LOXL2"
"angiogenesis.29","ENSG00000157227","MMP14"
"angiogenesis.30","ENSG00000148400","NOTCH1"
"angiogenesis.31","ENSG00000197461","PDGFA"
"angiogenesis.32","ENSG00000113721","PDGFRB"
"angiogenesis.33","ENSG00000119630","PGF"
"angiogenesis.34","ENSG00000121879","PIK3CA"
"angiogenesis.35","ENSG00000073756","PTGS2"
"angiogenesis.36","ENSG00000169398","PTK2"
"angiogenesis.37","ENSG00000169855","ROBO1"
"angiogenesis.38","ENSG00000160691","SHC1"
"angiogenesis.39","ENSG00000112658","SRF"
"angiogenesis.40","ENSG00000162367","TAL1"
"angiogenesis.41","ENSG00000241186","TDGF1"
"angiogenesis.42","ENSG00000120156","TEK"
"angiogenesis.43","ENSG00000160293","VAV2"
"angiogenesis.44","ENSG00000112715","VEGFA"
"angiogenesis.45","ENSG00000150630","VEGFC"
"angiogenesis.46","ENSG00000156427","FGF18"
"angiogenesis.47","ENSG00000099250","NRP1"
"angiogenesis.48","ENSG00000112902","SEMA5A"
"angiogenesis.49","ENSG00000131477","RAMP2"
"angiogenesis.50","ENSG00000185043","CIB1"
"angiogenesis.51","ENSG00000164283","ESM1"
"angiogenesis.52","ENSG00000070495","JMJD6"
"angiogenesis.53","ENSG00000164683","HEY1"
"angiogenesis.54","ENSG00000020181","ADGRA2"
"angiogenesis.55","ENSG00000166923","GREM1"
"angiogenesis.56","ENSG00000102359","SRPX2"
"angiogenesis.57","ENSG00000203883","SOX18"
"angiogenesis.58","ENSG00000197702","PARVA"
"angiogenesis.59","ENSG00000173821","RNF213"
"angiogenesis.60","ENSG00000129173","E2F8"
"angiogenesis.61","ENSG00000146374","RSPO3"
"angiogenesis.62","ENSG00000154124","OTULIN"
"angiogenesis.63","ENSG00000165891","E2F7"
"angiogenesis.64","ENSG00000183287","CCBE1"
"angiogenesis.65","ENSG00000164619","BMPER"
"angiogenesis.66","ENSG00000198435","NRARP"
"angiogenesis.67","ENSG00000123610","TNFAIP6"
"angiogenesis.68","ENSG00000038427","VCAN"
"angiogenesis.69","ENSG00000118785","SPP1"
"angiogenesis.70","ENSG00000118971","CCND2"
"angiogenesis.71","ENSG00000145675","PIK3R1"
"angiogenesis.72","ENSG00000159167","STC1"
"angiogenesis.73","ENSG00000184916","JAG2"
"apoptosis.1","ENSG00000120868","APAF1"
"apoptosis.2","ENSG00000128272","ATF4"
"apoptosis.3","ENSG00000149311","ATM"
"apoptosis.4","ENSG00000030110","BAK1"
"apoptosis.5","ENSG00000015475","BID"
"apoptosis.6","ENSG00000176720","BOK"
"apoptosis.7","ENSG00000139618","BRCA2"
"apoptosis.8","ENSG00000106144","CASP2"
"apoptosis.9","ENSG00000196954","CASP4"
"apoptosis.10","ENSG00000132906","CASP9"
"apoptosis.11","ENSG00000167657","DAPK3"
"apoptosis.12","ENSG00000175197","DDIT3"
"apoptosis.13","ENSG00000007968","E2F2"
"apoptosis.14","ENSG00000100393","EP300"
"apoptosis.15","ENSG00000148180","GSN"
"apoptosis.16","ENSG00000163565","IFI16"
"apoptosis.17","ENSG00000122641","INHBA"
"apoptosis.18","ENSG00000170421","KRT8"
"apoptosis.19","ENSG00000168961","LGALS9"
"apoptosis.20","ENSG00000100968","NFATC4"
"apoptosis.21","ENSG00000089041","P2RX7"
"apoptosis.22","ENSG00000141682","PMAIP1"
"apoptosis.23","ENSG00000070501","POLB"
"apoptosis.24","ENSG00000137713","PPP2R1B"
"apoptosis.25","ENSG00000078304","PPP2R5C"
"apoptosis.26","ENSG00000134243","SORT1"
"apoptosis.27","ENSG00000136603","SKIL"
"apoptosis.28","ENSG00000104375","STK3"
"apoptosis.29","ENSG00000101109","STK4"
"apoptosis.30","ENSG00000100234","TIMP3"
"apoptosis.31","ENSG00000067182","TNFRSF1A"
"apoptosis.32","ENSG00000028137","TNFRSF1B"
"apoptosis.33","ENSG00000143514","TP53BP2"
"apoptosis.34","ENSG00000127334","DYRK2"
"apoptosis.35","ENSG00000169372","CRADD"
"apoptosis.36","ENSG00000142867","BCL10"
"apoptosis.37","ENSG00000156709","AIFM1"
"apoptosis.38","ENSG00000153094","BCL2L11"
"apoptosis.39","ENSG00000087470","DNM1L"
"apoptosis.40","ENSG00000185825","BCAP31"
"apoptosis.41","ENSG00000184990","SIVA1"
"apoptosis.42","ENSG00000213190","MLLT11"
"apoptosis.43","ENSG00000129465","RIPK3"
"apoptosis.44","ENSG00000100603","SNW1"
"apoptosis.45","ENSG00000088808","PPP1R13B"
"apoptosis.46","ENSG00000174307","PHLDA3"
"apoptosis.47","ENSG00000176046","NUPR1"
"apoptosis.48","ENSG00000105327","BBC3"
"apoptosis.49","ENSG00000136305","CIDEB"
"apoptosis.50","ENSG00000146072","TNFRSF21"
"apoptosis.51","ENSG00000103490","PYCARD"
"apoptosis.52","ENSG00000089486","CDIP1"
"apoptosis.53","ENSG00000123689","G0S2"
"apoptosis.54","ENSG00000164054","SHISA5"
"apoptosis.55","ENSG00000006327","TNFRSF12A"
"apoptosis.56","ENSG00000186153","WWOX"
"apoptosis.57","ENSG00000168209","DDIT4"
"apoptosis.58","ENSG00000048028","USP28"
"apoptosis.59","ENSG00000165943","MOAP1"
"apoptosis.60","ENSG00000181026","AEN"
"apoptosis.61","ENSG00000110108","TMEM109"
"apoptosis.62","ENSG00000256053","APOPT1"
"apoptosis.63","ENSG00000104081","BMF"
"apoptosis.64","ENSG00000136848","DAB2IP"
"apoptosis.65","ENSG00000160570","DEDD2"
"apoptosis.66","ENSG00000180953","ST20"
"cell_cycle.1","ENSG00000011426","ANLN"
"cell_cycle.2","ENSG00000143401","ANP32E"
"cell_cycle.3","ENSG00000156802","ATAD2"
"cell_cycle.4","ENSG00000087586","AURKA"
"cell_cycle.5","ENSG00000136492","BRIP1"
"cell_cycle.6","ENSG00000118412","CASP8AP2"
"cell_cycle.7","ENSG00000094916","CBX5"
"cell_cycle.8","ENSG00000145386","CCNA2"
"cell_cycle.9","ENSG00000157456","CCNB2"
"cell_cycle.10","ENSG00000110092","CCND1"
"cell_cycle.11","ENSG00000105173","CCNE1"
"cell_cycle.12","ENSG00000175305","CCNE2"
"cell_cycle.13","ENSG00000158402","CDC25C"
"cell_cycle.14","ENSG00000093009","CDC45"
"cell_cycle.15","ENSG00000094804","CDC6"
"cell_cycle.16","ENSG00000184661","CDCA2"
"cell_cycle.17","ENSG00000111665","CDCA3"
"cell_cycle.18","ENSG00000134690","CDCA8"
"cell_cycle.19","ENSG00000115163","CENPA"
"cell_cycle.20","ENSG00000138778","CENPE"
"cell_cycle.21","ENSG00000159259","CHAF1B"
"cell_cycle.22","ENSG00000169607","CKAP2L"
"cell_cycle.23","ENSG00000175216","CKAP5"
"cell_cycle.24","ENSG00000173207","CKS1B"
"cell_cycle.25","ENSG00000123975","CKS2"
"cell_cycle.26","ENSG00000092853","CLSPN"
"cell_cycle.27","ENSG00000228716","DHFR"
"cell_cycle.28","ENSG00000126787","DLGAP5"
"cell_cycle.29","ENSG00000136982","DSCC1"
"cell_cycle.30","ENSG00000143476","DTL"
"cell_cycle.31","ENSG00000114346","ECT2"
"cell_cycle.32","ENSG00000174371","EXO1"
"cell_cycle.33","ENSG00000168496","FEN1"
"cell_cycle.34","ENSG00000139354","GAS2L3"
"cell_cycle.35","ENSG00000131153","GINS2"
"cell_cycle.36","ENSG00000075218","GTSE1"
"cell_cycle.37","ENSG00000119969","HELLS"
"cell_cycle.38","ENSG00000123485","HJURP"
"cell_cycle.39","ENSG00000072571","HMMR"
"cell_cycle.40","ENSG00000138160","KIF11"
"cell_cycle.41","ENSG00000137807","KIF23"
"cell_cycle.42","ENSG00000142945","KIF2C"
"cell_cycle.43","ENSG00000143815","LBR"
"cell_cycle.44","ENSG00000104738","MCM4"
"cell_cycle.45","ENSG00000100297","MCM5"
"cell_cycle.46","ENSG00000076003","MCM6"
"cell_cycle.47","ENSG00000148773","MKI67"
"cell_cycle.48","ENSG00000132780","NASP"
"cell_cycle.49","ENSG00000010292","NCAPD2"
"cell_cycle.50","ENSG00000080986","NDC80"
"cell_cycle.51","ENSG00000117650","NEK2"
"cell_cycle.52","ENSG00000143228","NUF2"
"cell_cycle.53","ENSG00000137804","NUSAP1"
"cell_cycle.54","ENSG00000132646","PCNA"
"cell_cycle.55","ENSG00000101868","POLA1"
"cell_cycle.56","ENSG00000077514","POLD3"
"cell_cycle.57","ENSG00000198056","PRIM1"
"cell_cycle.58","ENSG00000134222","PSRC1"
"cell_cycle.59","ENSG00000164611","PTTG1"
"cell_cycle.60","ENSG00000164754","RAD21"
"cell_cycle.61","ENSG00000111247","RAD51AP1"
"cell_cycle.62","ENSG00000100401","RANGAP1"
"cell_cycle.63","ENSG00000049541","RFC2"
"cell_cycle.64","ENSG00000163918","RFC4"
"cell_cycle.65","ENSG00000117748","RPA2"
"cell_cycle.66","ENSG00000167325","RRM1"
"cell_cycle.67","ENSG00000171848","RRM2"
"cell_cycle.68","ENSG00000163950","SLBP"
"cell_cycle.69","ENSG00000113810","SMC4"
"cell_cycle.70","ENSG00000013810","TACC3"
"cell_cycle.71","ENSG00000075131","TIPIN"
"cell_cycle.72","ENSG00000120802","TMPO"
"cell_cycle.73","ENSG00000131747","TOP2A"
"cell_cycle.74","ENSG00000112742","TTK"
"cell_cycle.75","ENSG00000188229","TUBB4B"
"cell_cycle.76","ENSG00000176890","TYMS"
"cell_cycle.77","ENSG00000012963","UBR7"
"cell_cycle.78","ENSG00000276043","UHRF1"
"cell_cycle.79","ENSG00000076248","UNG"
"cell_cycle.80","ENSG00000162607","USP1"
"cell_cycle.81","ENSG00000092470","WDR76"
"cell_cycle.82","ENSG00000014138","POLA2"
"cell_cycle.83","ENSG00000023909","GCLM"
"cell_cycle.84","ENSG00000029993","HMGB3"
"cell_cycle.85","ENSG00000035499","DEPDC1B"
"cell_cycle.86","ENSG00000068489","PRR11"
"cell_cycle.87","ENSG00000069275","NUCKS1"
"cell_cycle.88","ENSG00000075188","NUP37"
"cell_cycle.89","ENSG00000077152","UBE2T"
"cell_cycle.90","ENSG00000091651","ORC6"
"cell_cycle.91","ENSG00000100162","CENPM"
"cell_cycle.92","ENSG00000100749","VRK1"
"cell_cycle.93","ENSG00000101224","CDC25B"
"cell_cycle.94","ENSG00000101447","FAM83D"
"cell_cycle.95","ENSG00000105011","ASF1B"
"cell_cycle.96","ENSG00000109519","GRPEL1"
"cell_cycle.97","ENSG00000111445","RFC5"
"cell_cycle.98","ENSG00000112081","SRSF3"
"cell_cycle.99","ENSG00000121211","MND1"
"cell_cycle.100","ENSG00000122952","ZWINT"
"cell_cycle.101","ENSG00000131462","TUBG1"
"cell_cycle.102","ENSG00000132199","ENOSF1"
"cell_cycle.103","ENSG00000132341","RAN"
"cell_cycle.104","ENSG00000133119","RFC3"
"cell_cycle.105","ENSG00000133740","E2F5"
"cell_cycle.106","ENSG00000135334","AKIRIN2"
"cell_cycle.107","ENSG00000135451","TROAP"
"cell_cycle.108","ENSG00000136122","BORA"
"cell_cycle.109","ENSG00000140451","PIF1"
"cell_cycle.110","ENSG00000140525","FANCI"
"cell_cycle.111","ENSG00000145220","LYAR"
"cell_cycle.112","ENSG00000146670","CDCA5"
"cell_cycle.113","ENSG00000149636","DSN1"
"cell_cycle.114","ENSG00000162063","CCNF"
"cell_cycle.115","ENSG00000164045","CDC25A"
"cell_cycle.116","ENSG00000164105","SAP30"
"cell_cycle.117","ENSG00000164649","CDCA7L"
"cell_cycle.118","ENSG00000164941","INTS8"
"cell_cycle.119","ENSG00000166508","MCM7"
"cell_cycle.120","ENSG00000167670","CHAF1A"
"cell_cycle.121","ENSG00000168078","PBK"
"cell_cycle.122","ENSG00000168393","DTYMK"
"cell_cycle.123","ENSG00000169188","APEX2"
"cell_cycle.124","ENSG00000170759","KIF5B"
"cell_cycle.125","ENSG00000171241","SHCBP1"
"cell_cycle.126","ENSG00000174442","ZWILCH"
"cell_cycle.127","ENSG00000182481","KPNA2"
"cell_cycle.128","ENSG00000188486","H2AFX"
"cell_cycle.129","ENSG00000189060","H1F0"
"cell_cycle.130","ENSG00000196230","TUBB"
"cell_cycle.131","ENSG00000197061","HIST1H4C"
"cell_cycle.132","ENSG00000198901","PRC1"
"cell_cycle.133","ENSG00000203760","CENPW"
"cell_cycle.134","ENSG00000204568","MRPS18B"
"cell_cycle.135","ENSG00000204899","MZT1"
"cell_cycle.136","ENSG00000237649","KIFC1"
"cell_cycle.137","ENSG00000079616","KIF22"
"differentiation.1","ENSG00000097007","ABL1"
"differentiation.2","ENSG00000115170","ACVR1"
"differentiation.3","ENSG00000196839","ADA"
"differentiation.4","ENSG00000135744","AGT"
"differentiation.5","ENSG00000142208","AKT1"
"differentiation.6","ENSG00000135046","ANXA1"
"differentiation.7","ENSG00000172238","ATOH1"
"differentiation.8","ENSG00000157087","ATP2B2"
"differentiation.9","ENSG00000165240","ATP7A"
"differentiation.10","ENSG00000167601","AXL"
"differentiation.11","ENSG00000171791","BCL2"
"differentiation.12","ENSG00000069399","BCL3"
"differentiation.13","ENSG00000057657","PRDM1"
"differentiation.14","ENSG00000125845","BMP2"
"differentiation.15","ENSG00000153162","BMP6"
"differentiation.16","ENSG00000157764","BRAF"
"differentiation.17","ENSG00000064012","CASP8"
"differentiation.18","ENSG00000182533","CAV3"
"differentiation.19","ENSG00000124813","RUNX2"
"differentiation.20","ENSG00000159216","RUNX1"
"differentiation.21","ENSG00000134057","CCNB1"
"differentiation.22","ENSG00000114013","CD86"
"differentiation.23","ENSG00000170312","CDK1"
"differentiation.24","ENSG00000070831","CDC42"
"differentiation.25","ENSG00000170558","CDH2"
"differentiation.26","ENSG00000245848","CEBPA"
"differentiation.27","ENSG00000172216","CEBPB"
"differentiation.28","ENSG00000118260","CREB1"
"differentiation.29","ENSG00000112062","MAPK14"
"differentiation.30","ENSG00000184371","CSF1"
"differentiation.31","ENSG00000182578","CSF1R"
"differentiation.32","ENSG00000164400","CSF2"
"differentiation.33","ENSG00000184845","DRD1"
"differentiation.34","ENSG00000124205","EDN3"
"differentiation.35","ENSG00000136160","EDNRB"
"differentiation.36","ENSG00000142627","EPHA2"
"differentiation.37","ENSG00000135638","EMX1"
"differentiation.38","ENSG00000100393","EP300"
"differentiation.39","ENSG00000178568","ERBB4"
"differentiation.40","ENSG00000104884","ERCC2"
"differentiation.41","ENSG00000107831","FGF8"
"differentiation.42","ENSG00000077782","FGFR1"
"differentiation.43","ENSG00000066468","FGFR2"
"differentiation.44","ENSG00000176692","FOXC2"
"differentiation.45","ENSG00000090554","FLT3LG"
"differentiation.46","ENSG00000198793","MTOR"
"differentiation.47","ENSG00000102145","GATA1"
"differentiation.48","ENSG00000136574","GATA4"
"differentiation.49","ENSG00000141448","GATA6"
"differentiation.50","ENSG00000168621","GDNF"
"differentiation.51","ENSG00000087460","GNAS"
"differentiation.52","ENSG00000196591","HDAC2"
"differentiation.53","ENSG00000123338","NCKAP1L"
"differentiation.54","ENSG00000157168","NRG1"
"differentiation.55","ENSG00000152804","HHEX"
"differentiation.56","ENSG00000100644","HIF1A"
"differentiation.57","ENSG00000189403","HMGB1"
"differentiation.58","ENSG00000129514","FOXA1"
"differentiation.59","ENSG00000106004","HOXA5"
"differentiation.60","ENSG00000017427","IGF1"
"differentiation.61","ENSG00000109471","IL2"
"differentiation.62","ENSG00000077238","IL4R"
"differentiation.63","ENSG00000095752","IL11"
"differentiation.64","ENSG00000113302","IL12B"
"differentiation.65","ENSG00000164136","IL15"
"differentiation.66","ENSG00000166333","ILK"
"differentiation.67","ENSG00000173404","INSM1"
"differentiation.68","ENSG00000137265","IRF4"
"differentiation.69","ENSG00000184916","JAG2"
"differentiation.70","ENSG00000177606","JUN"
"differentiation.71","ENSG00000171223","JUNB"
"differentiation.72","ENSG00000157404","KIT"
"differentiation.73","ENSG00000172037","LAMB2"
"differentiation.74","ENSG00000174697","LEP"
"differentiation.75","ENSG00000100097","LGALS1"
"differentiation.76","ENSG00000168961","LGALS9"
"differentiation.77","ENSG00000273706","LHX1"
"differentiation.78","ENSG00000128342","LIF"
"differentiation.79","ENSG00000160789","LMNA"
"differentiation.80","ENSG00000254087","LYN"
"differentiation.81","ENSG00000141646","SMAD4"
"differentiation.82","ENSG00000068305","MEF2A"
"differentiation.83","ENSG00000081189","MEF2C"
"differentiation.84","ENSG00000049130","KITLG"
"differentiation.85","ENSG00000157227","MMP14"
"differentiation.86","ENSG00000111049","MYF5"
"differentiation.87","ENSG00000111046","MYF6"
"differentiation.88","ENSG00000100345","MYH9"
"differentiation.89","ENSG00000137474","MYO7A"
"differentiation.90","ENSG00000129152","MYOD1"
"differentiation.91","ENSG00000122180","MYOG"
"differentiation.92","ENSG00000101096","NFATC2"
"differentiation.93","ENSG00000147862","NFIB"
"differentiation.94","ENSG00000198400","NTRK1"
"differentiation.95","ENSG00000148053","NTRK2"
"differentiation.96","ENSG00000007168","PAFAH1B1"
"differentiation.97","ENSG00000075891","PAX2"
"differentiation.98","ENSG00000163737","PF4"
"differentiation.99","ENSG00000164093","PITX2"
"differentiation.100","ENSG00000102024","PLS3"
"differentiation.101","ENSG00000091010","POU4F3"
"differentiation.102","ENSG00000132170","PPARG"
"differentiation.103","ENSG00000102882","MAPK3"
"differentiation.104","ENSG00000169032","MAP2K1"
"differentiation.105","ENSG00000117707","PROX1"
"differentiation.106","ENSG00000080815","PSEN1"
"differentiation.107","ENSG00000171522","PTGER4"
"differentiation.108","ENSG00000105894","PTN"
"differentiation.109","ENSG00000179295","PTPN11"
"differentiation.110","ENSG00000106278","PTPRZ1"
"differentiation.111","ENSG00000136238","RAC1"
"differentiation.112","ENSG00000166349","RAG1"
"differentiation.113","ENSG00000139687","RB1"
"differentiation.114","ENSG00000104856","RELB"
"differentiation.115","ENSG00000186350","RXRA"
"differentiation.116","ENSG00000172724","CCL19"
"differentiation.117","ENSG00000168779","SHOX2"
"differentiation.118","ENSG00000124216","SNAI1"
"differentiation.119","ENSG00000142168","SOD1"
"differentiation.120","ENSG00000124766","SOX4"
"differentiation.121","ENSG00000100146","SOX10"
"differentiation.122","ENSG00000176887","SOX11"
"differentiation.123","ENSG00000172845","SP3"
"differentiation.124","ENSG00000066336","SPI1"
"differentiation.125","ENSG00000112658","SRF"
"differentiation.126","ENSG00000173757","STAT5B"
"differentiation.127","ENSG00000118046","STK11"
"differentiation.128","ENSG00000165025","SYK"
"differentiation.129","ENSG00000162367","TAL1"
"differentiation.130","ENSG00000092969","TGFB2"
"differentiation.131","ENSG00000163513","TGFBR2"
"differentiation.132","ENSG00000126351","THRA"
"differentiation.133","ENSG00000136352","NKX2-1"
"differentiation.134","ENSG00000175104","TRAF6"
"differentiation.135","ENSG00000165699","TSC1"
"differentiation.136","ENSG00000112715","VEGFA"
"differentiation.137","ENSG00000154764","WNT7A"
"differentiation.138","ENSG00000061492","WNT8A"
"differentiation.139","ENSG00000085741","WNT11"
"differentiation.140","ENSG00000184937","WT1"
"differentiation.141","ENSG00000115085","ZAP70"
"differentiation.142","ENSG00000163508","EOMES"
"differentiation.143","ENSG00000138623","SEMA7A"
"differentiation.144","ENSG00000120659","TNFSF11"
"differentiation.145","ENSG00000073282","TP63"
"differentiation.146","ENSG00000125657","TNFSF9"
"differentiation.147","ENSG00000168040","FADD"
"differentiation.148","ENSG00000099250","NRP1"
"differentiation.149","ENSG00000007062","PROM1"
"differentiation.150","ENSG00000109062","SLC9A3R1"
"differentiation.151","ENSG00000057663","ATG5"
"differentiation.152","ENSG00000033867","SLC4A7"
"differentiation.153","ENSG00000161021","MAML1"
"differentiation.154","ENSG00000169554","ZEB2"
"differentiation.155","ENSG00000134198","TSPAN2"
"differentiation.156","ENSG00000138802","SEC24B"
"differentiation.157","ENSG00000156127","BATF"
"differentiation.158","ENSG00000126804","ZBTB1"
"differentiation.159","ENSG00000004487","KDM1A"
"differentiation.160","ENSG00000132510","KDM6B"
"differentiation.161","ENSG00000135547","HEY2"
"differentiation.162","ENSG00000180900","SCRIB"
"differentiation.163","ENSG00000149256","TENM4"
"differentiation.164","ENSG00000104164","BLOC1S6"
"differentiation.165","ENSG00000114861","FOXP1"
"differentiation.166","ENSG00000163217","BMP10"
"differentiation.167","ENSG00000162891","IL20"
"differentiation.168","ENSG00000064309","CDON"
"differentiation.169","ENSG00000143951","WDPCP"
"differentiation.170","ENSG00000138795","LEF1"
"differentiation.171","ENSG00000110944","IL23A"
"differentiation.172","ENSG00000112782","CLIC5"
"differentiation.173","ENSG00000128917","DLL4"
"differentiation.174","ENSG00000166292","TMEM100"
"differentiation.175","ENSG00000055732","MCOLN3"
"differentiation.176","ENSG00000110693","SOX6"
"differentiation.177","ENSG00000166823","MESP1"
"differentiation.178","ENSG00000003137","CYP26B1"
"differentiation.179","ENSG00000177706","FAM20C"
"differentiation.180","ENSG00000125850","OVOL2"
"differentiation.181","ENSG00000151748","SAV1"
"differentiation.182","ENSG00000196189","SEMA4A"
"differentiation.183","ENSG00000127152","BCL11B"
"differentiation.184","ENSG00000101882","NKAP"
"differentiation.185","ENSG00000186862","PDZD7"
"differentiation.186","ENSG00000111186","WNT5B"
"differentiation.187","ENSG00000164935","DCSTAMP"
"differentiation.188","ENSG00000158555","GDPD5"
"differentiation.189","ENSG00000184564","SLITRK6"
"differentiation.190","ENSG00000140795","MYLK3"
"differentiation.191","ENSG00000165091","TMC1"
"differentiation.192","ENSG00000149635","OCSTAMP"
"differentiation.193","ENSG00000164509","IL31RA"
"differentiation.194","ENSG00000162594","IL23R"
"differentiation.195","ENSG00000143869","GDF7"
"differentiation.196","ENSG00000119919","NKX2-3"
"differentiation.197","ENSG00000242866","STRC"
"differentiation.198","ENSG00000004848","ARX"
"differentiation.199","ENSG00000180613","GSX2"
"differentiation.200","ENSG00000197753","LHFPL5"
"differentiation.201","ENSG00000101974","ATP11C"
"dna_damage.1","ENSG00000012048","BRCA1"
"dna_damage.2","ENSG00000020922","MRE11"
"dna_damage.3","ENSG00000053254","FOXN3"
"dna_damage.4","ENSG00000064393","HIPK2"
"dna_damage.5","ENSG00000067066","SP100"
"dna_damage.6","ENSG00000068878","PSME4"
"dna_damage.7","ENSG00000072133","RPS6KA6"
"dna_damage.8","ENSG00000073282","TP63"
"dna_damage.9","ENSG00000075218","GTSE1"
"dna_damage.10","ENSG00000078304","PPP2R5C"
"dna_damage.11","ENSG00000078900","TP73"
"dna_damage.12","ENSG00000080802","CNOT4"
"dna_damage.13","ENSG00000086061","DNAJA1"
"dna_damage.14","ENSG00000087088","BAX"
"dna_damage.15","ENSG00000087206","UIMC1"
"dna_damage.16","ENSG00000087586","AURKA"
"dna_damage.17","ENSG00000088038","CNOT3"
"dna_damage.18","ENSG00000090097","PCBP4"
"dna_damage.19","ENSG00000090447","TFAP4"
"dna_damage.20","ENSG00000101412","E2F1"
"dna_damage.21","ENSG00000102760","RGCC"
"dna_damage.22","ENSG00000103479","RBL2"
"dna_damage.23","ENSG00000104320","NBN"
"dna_damage.24","ENSG00000104499","GML"
"dna_damage.25","ENSG00000105393","BABAM1"
"dna_damage.26","ENSG00000106144","CASP2"
"dna_damage.27","ENSG00000108465","CDK5RAP3"
"dna_damage.28","ENSG00000110092","CCND1"
"dna_damage.29","ENSG00000111206","FOXM1"
"dna_damage.30","ENSG00000111276","CDKN1B"
"dna_damage.31","ENSG00000111596","CNOT2"
"dna_damage.32","ENSG00000111653","ING4"
"dna_damage.33","ENSG00000113300","CNOT6"
"dna_damage.34","ENSG00000114126","TFDP2"
"dna_damage.35","ENSG00000114670","NEK11"
"dna_damage.36","ENSG00000115233","PSMD14"
"dna_damage.37","ENSG00000116017","ARID3A"
"dna_damage.38","ENSG00000116670","MAD2L2"
"dna_damage.39","ENSG00000116717","GADD45A"
"dna_damage.40","ENSG00000117614","SYF2"
"dna_damage.41","ENSG00000117748","RPA2"
"dna_damage.42","ENSG00000118495","PLAGL1"
"dna_damage.43","ENSG00000122257","RBBP6"
"dna_damage.44","ENSG00000123374","CDK2"
"dna_damage.45","ENSG00000124762","CDKN1A"
"dna_damage.46","ENSG00000124766","SOX4"
"dna_damage.47","ENSG00000125107","CNOT1"
"dna_damage.48","ENSG00000126457","PRMT1"
"dna_damage.49","ENSG00000129473","BCL2L2"
"dna_damage.50","ENSG00000132646","PCNA"
"dna_damage.51","ENSG00000132819","RBM38"
"dna_damage.52","ENSG00000134057","CCNB1"
"dna_damage.53","ENSG00000135090","TAOK3"
"dna_damage.54","ENSG00000135679","MDM2"
"dna_damage.55","ENSG00000138767","CNOT6L"
"dna_damage.56","ENSG00000139618","BRCA2"
"dna_damage.57","ENSG00000140464","PML"
"dna_damage.58","ENSG00000140525","FANCI"
"dna_damage.59","ENSG00000141510","TP53"
"dna_damage.60","ENSG00000141682","PMAIP1"
"dna_damage.61","ENSG00000142453","CARM1"
"dna_damage.62","ENSG00000143476","DTL"
"dna_damage.63","ENSG00000143947","RPS27A"
"dna_damage.64","ENSG00000144580","CNOT9"
"dna_damage.65","ENSG00000145386","CCNA2"
"dna_damage.66","ENSG00000145632","PLK2"
"dna_damage.67","ENSG00000149115","TNKS1BP1"
"dna_damage.68","ENSG00000149273","RPS3"
"dna_damage.69","ENSG00000149311","ATM"
"dna_damage.70","ENSG00000149554","CHEK1"
"dna_damage.71","ENSG00000149948","HMGA2"
"dna_damage.72","ENSG00000150991","UBC"
"dna_damage.73","ENSG00000151849","CENPJ"
"dna_damage.74","ENSG00000154767","XPC"
"dna_damage.75","ENSG00000155508","CNOT8"
"dna_damage.76","ENSG00000158019","BABAM2"
"dna_damage.77","ENSG00000158402","CDC25C"
"dna_damage.78","ENSG00000158435","CNOT11"
"dna_damage.79","ENSG00000159388","BTG2"
"dna_damage.80","ENSG00000161642","ZNF385A"
"dna_damage.81","ENSG00000162607","USP1"
"dna_damage.82","ENSG00000163322","ABRAXAS1"
"dna_damage.83","ENSG00000163961","RNF168"
"dna_damage.84","ENSG00000164808","SPIDR"
"dna_damage.85","ENSG00000165891","E2F7"
"dna_damage.86","ENSG00000169372","CRADD"
"dna_damage.87","ENSG00000170312","CDK1"
"dna_damage.88","ENSG00000170315","UBB"
"dna_damage.89","ENSG00000170855","TRIAP1"
"dna_damage.90","ENSG00000172613","RAD9A"
"dna_damage.91","ENSG00000172977","KAT5"
"dna_damage.92","ENSG00000173846","PLK3"
"dna_damage.93","ENSG00000175054","ATR"
"dna_damage.94","ENSG00000175793","SFN"
"dna_damage.95","ENSG00000177374","HIC1"
"dna_damage.96","ENSG00000177595","PIDD1"
"dna_damage.97","ENSG00000177889","UBE2N"
"dna_damage.98","ENSG00000181163","NPM1"
"dna_damage.99","ENSG00000182973","CNOT10"
"dna_damage.100","ENSG00000183765","CHEK2"
"dna_damage.101","ENSG00000184481","FOXO4"
"dna_damage.102","ENSG00000185499","MUC1"
"dna_damage.103","ENSG00000185515","BRCC3"
"dna_damage.104","ENSG00000197299","BLM"
"dna_damage.105","ENSG00000198176","TFDP1"
"dna_damage.106","ENSG00000198625","MDM4"
"dna_damage.107","ENSG00000198791","CNOT7"
"dna_damage.108","ENSG00000205250","E2F4"
"dna_damage.109","ENSG00000221983","UBA52"
"dna_damage.110","ENSG00000253729","PRKDC"
"dna_repair.1","ENSG00000002016","RAD52"
"dna_repair.2","ENSG00000005075","POLR2J"
"dna_repair.3","ENSG00000005156","LIG3"
"dna_repair.4","ENSG00000009413","REV3L"
"dna_repair.5","ENSG00000012048","BRCA1"
"dna_repair.6","ENSG00000012061","ERCC1"
"dna_repair.7","ENSG00000020426","MNAT1"
"dna_repair.8","ENSG00000020922","MRE11"
"dna_repair.9","ENSG00000035928","RFC1"
"dna_repair.10","ENSG00000042088","TDP1"
"dna_repair.11","ENSG00000048392","RRM2B"
"dna_repair.12","ENSG00000049167","ERCC8"
"dna_repair.13","ENSG00000049541","RFC2"
"dna_repair.14","ENSG00000062822","POLD1"
"dna_repair.15","ENSG00000065057","NTHL1"
"dna_repair.16","ENSG00000067369","TP53BP1"
"dna_repair.17","ENSG00000070501","POLB"
"dna_repair.18","ENSG00000073050","XRCC1"
"dna_repair.19","ENSG00000076924","XAB2"
"dna_repair.20","ENSG00000077514","POLD3"
"dna_repair.21","ENSG00000079246","XRCC5"
"dna_repair.22","ENSG00000080345","RIF1"
"dna_repair.23","ENSG00000083093","PALB2"
"dna_repair.24","ENSG00000096717","SIRT1"
"dna_repair.25","ENSG00000099817","POLR2E"
"dna_repair.26","ENSG00000100142","POLR2F"
"dna_repair.27","ENSG00000100479","POLE2"
"dna_repair.28","ENSG00000100823","APEX1"
"dna_repair.29","ENSG00000101751","POLI"
"dna_repair.30","ENSG00000101868","POLA1"
"dna_repair.31","ENSG00000102978","POLR2C"
"dna_repair.32","ENSG00000103152","MPG"
"dna_repair.33","ENSG00000104320","NBN"
"dna_repair.34","ENSG00000104884","ERCC2"
"dna_repair.35","ENSG00000105258","POLR2I"
"dna_repair.36","ENSG00000105486","LIG1"
"dna_repair.37","ENSG00000106399","RPA3"
"dna_repair.38","ENSG00000106628","POLD2"
"dna_repair.39","ENSG00000108384","RAD51C"
"dna_repair.40","ENSG00000110768","GTF2H1"
"dna_repair.41","ENSG00000111247","RAD51AP1"
"dna_repair.42","ENSG00000111358","GTF2H3"
"dna_repair.43","ENSG00000111445","RFC5"
"dna_repair.44","ENSG00000112039","FANCE"
"dna_repair.45","ENSG00000113522","RAD50"
"dna_repair.46","ENSG00000114026","OGG1"
"dna_repair.47","ENSG00000115392","FANCL"
"dna_repair.48","ENSG00000116670","MAD2L2"
"dna_repair.49","ENSG00000117748","RPA2"
"dna_repair.50","ENSG00000119318","RAD23B"
"dna_repair.51","ENSG00000122008","POLK"
"dna_repair.52","ENSG00000123415","SMUG1"
"dna_repair.53","ENSG00000124535","WRNIP1"
"dna_repair.54","ENSG00000126215","XRCC3"
"dna_repair.55","ENSG00000129071","MBD4"
"dna_repair.56","ENSG00000130997","POLN"
"dna_repair.57","ENSG00000132383","RPA1"
"dna_repair.58","ENSG00000132646","PCNA"
"dna_repair.59","ENSG00000132781","MUTYH"
"dna_repair.60","ENSG00000133119","RFC3"
"dna_repair.61","ENSG00000134058","CDK7"
"dna_repair.62","ENSG00000134480","CCNH"
"dna_repair.63","ENSG00000134574","DDB2"
"dna_repair.64","ENSG00000135945","REV1"
"dna_repair.65","ENSG00000136492","BRIP1"
"dna_repair.66","ENSG00000136936","XPA"
"dna_repair.67","ENSG00000139372","TDG"
"dna_repair.68","ENSG00000139618","BRCA2"
"dna_repair.69","ENSG00000141510","TP53"
"dna_repair.70","ENSG00000143799","PARP1"
"dna_repair.71","ENSG00000143947","RPS27A"
"dna_repair.72","ENSG00000144231","POLR2D"
"dna_repair.73","ENSG00000144554","FANCD2"
"dna_repair.74","ENSG00000147400","CETN2"
"dna_repair.75","ENSG00000147669","POLR2K"
"dna_repair.76","ENSG00000149136","SSRP1"
"dna_repair.77","ENSG00000149311","ATM"
"dna_repair.78","ENSG00000152422","XRCC4"
"dna_repair.79","ENSG00000152669","CCNO"
"dna_repair.80","ENSG00000154767","XPC"
"dna_repair.81","ENSG00000158169","FANCC"
"dna_repair.82","ENSG00000163161","ERCC3"
"dna_repair.83","ENSG00000163882","POLR2H"
"dna_repair.84","ENSG00000163918","RFC4"
"dna_repair.85","ENSG00000164104","HMGB2"
"dna_repair.86","ENSG00000165392","WRN"
"dna_repair.87","ENSG00000166169","POLL"
"dna_repair.88","ENSG00000166199","ALKBH3"
"dna_repair.89","ENSG00000167986","DDB1"
"dna_repair.90","ENSG00000168002","POLR2G"
"dna_repair.91","ENSG00000168496","FEN1"
"dna_repair.92","ENSG00000169139","UBE2V2"
"dna_repair.93","ENSG00000170430","MGMT"
"dna_repair.94","ENSG00000170734","POLH"
"dna_repair.95","ENSG00000174371","EXO1"
"dna_repair.96","ENSG00000174405","LIG4"
"dna_repair.97","ENSG00000175054","ATR"
"dna_repair.98","ENSG00000175482","POLD4"
"dna_repair.99","ENSG00000175595","ERCC4"
"dna_repair.100","ENSG00000177084","POLE"
"dna_repair.101","ENSG00000177302","TOP3A"
"dna_repair.102","ENSG00000177889","UBE2N"
"dna_repair.103","ENSG00000181544","FANCB"
"dna_repair.104","ENSG00000182185","RAD51B"
"dna_repair.105","ENSG00000183161","FANCF"
"dna_repair.106","ENSG00000185379","RAD51D"
"dna_repair.107","ENSG00000187741","FANCA"
"dna_repair.108","ENSG00000187790","FANCM"
"dna_repair.109","ENSG00000188486","H2AFX"
"dna_repair.110","ENSG00000189046","ALKBH2"
"dna_repair.111","ENSG00000189403","HMGB1"
"dna_repair.112","ENSG00000196419","XRCC6"
"dna_repair.113","ENSG00000196584","XRCC2"
"dna_repair.114","ENSG00000197299","BLM"
"dna_repair.115","ENSG00000213780","GTF2H4"
"dna_repair.116","ENSG00000221829","FANCG"
"dna_repair.117","ENSG00000221983","UBA52"
"dna_repair.118","ENSG00000253729","PRKDC"
"dna_repair.119","ENSG00000272047","GTF2H5"
"emt.1","ENSG00000182492","BGN"
"emt.2","ENSG00000140937","CDH11"
"emt.3","ENSG00000170558","CDH2"
"emt.4","ENSG00000164692","COL1A2"
"emt.5","ENSG00000168542","COL3A1"
"emt.6","ENSG00000204262","COL5A2"
"emt.7","ENSG00000118523","CTGF"
"emt.8","ENSG00000162733","DDR2"
"emt.9","ENSG00000143369","ECM1"
"emt.10","ENSG00000078098","FAP"
"emt.11","ENSG00000140092","FBLN5"
"emt.12","ENSG00000166147","FBN1"
"emt.13","ENSG00000176692","FOXC2"
"emt.14","ENSG00000163430","FSTL1"
"emt.15","ENSG00000133937","GSC"
"emt.16","ENSG00000170961","HAS2"
"emt.17","ENSG00000141753","IGFBP4"
"emt.18","ENSG00000196611","MMP1"
"emt.19","ENSG00000087245","MMP2"
"emt.20","ENSG00000101335","MYL9"
"emt.21","ENSG00000175745","NR2F1"
"emt.22","ENSG00000106333","PCOLCE"
"emt.23","ENSG00000133110","POSTN"
"emt.24","ENSG00000116132","PRRX1"
"emt.25","ENSG00000163661","PTX3"
"emt.26","ENSG00000117152","RGS4"
"emt.27","ENSG00000124216","SNAI1"
"emt.28","ENSG00000152377","SPOCK1"
"emt.29","ENSG00000149591","TAGLN"
"emt.30","ENSG00000167552","TUBA1A"
"emt.31","ENSG00000122691","TWIST1"
"emt.32","ENSG00000026025","VIM"
"emt.33","ENSG00000114251","WNT5A"
"emt.34","ENSG00000107796","ACTA2"
"emt.35","ENSG00000012048","BRCA1"
"emt.36","ENSG00000149257","SERPINH1"
"emt.37","ENSG00000115163","CENPA"
"emt.38","ENSG00000108821","COL1A1"
"emt.39","ENSG00000187498","COL4A1"
"emt.40","ENSG00000142173","COL6A2"
"emt.41","ENSG00000038427","VCAN"
"emt.42","ENSG00000164733","CTSB"
"emt.43","ENSG00000153071","DAB2"
"emt.44","ENSG00000156136","DCK"
"emt.45","ENSG00000163520","FBLN2"
"emt.46","ENSG00000115414","FN1"
"emt.47","ENSG00000180447","GAS1"
"emt.48","ENSG00000100644","HIF1A"
"emt.49","ENSG00000072571","HMMR"
"emt.50","ENSG00000041982","TNC"
"emt.51","ENSG00000138448","ITGAV"
"emt.52","ENSG00000139329","LUM"
"emt.53","ENSG00000112118","MCM3"
"emt.54","ENSG00000166508","MCM7"
"emt.55","ENSG00000148773","MKI67"
"emt.56","ENSG00000157227","MMP14"
"emt.57","ENSG00000135318","NT5E"
"emt.58","ENSG00000115758","ODC1"
"emt.59","ENSG00000134853","PDGFRA"
"emt.60","ENSG00000011422","PLAUR"
"emt.61","ENSG00000168938","PPIC"
"emt.62","ENSG00000166033","HTRA1"
"emt.63","ENSG00000080839","RBL1"
"emt.64","ENSG00000124875","CXCL6"
"emt.65","ENSG00000115884","SDC1"
"emt.66","ENSG00000137575","SDCBP"
"emt.67","ENSG00000102265","TIMP1"
"emt.68","ENSG00000171617","ENC1"
"emt.69","ENSG00000258947","TUBB3"
"emt.70","ENSG00000142731","PLK4"
"emt.71","ENSG00000091651","ORC6"
"emt.72","ENSG00000011426","ANLN"
"emt.73","ENSG00000162545","CAMK2N1"
"emt.74","ENSG00000145293","ENOPH1"
"emt.75","ENSG00000026508","CD44"
"emt.76","ENSG00000134013","LOXL2"
"emt.77","ENSG00000069702","TGFBR3"
"emt.78","ENSG00000002745","WNT16"
"emt.79","ENSG00000105989","WNT2"
"emt.80","ENSG00000106799","TGFBR1"
"emt.81","ENSG00000107831","FGF8"
"emt.82","ENSG00000115109","EPB41L5"
"emt.83","ENSG00000130558","OLFM1"
"emt.84","ENSG00000135547","HEY2"
"emt.85","ENSG00000138795","LEF1"
"emt.86","ENSG00000157554","ERG"
"emt.87","ENSG00000164683","HEY1"
"emt.88","ENSG00000166292","TMEM100"
"emt.89","ENSG00000169242","EFNA1"
"emt.90","ENSG00000196154","S100A4"
"hypoxia.1","ENSG00000147872","PLIN2"
"hypoxia.2","ENSG00000148926","ADM"
"hypoxia.3","ENSG00000170425","ADORA2B"
"hypoxia.4","ENSG00000162433","AK4"
"hypoxia.5","ENSG00000109107","ALDOC"
"hypoxia.6","ENSG00000214274","ANG"
"hypoxia.7","ENSG00000162772","ATF3"
"hypoxia.8","ENSG00000176171","BNIP3"
"hypoxia.9","ENSG00000104765","BNIP3L"
"hypoxia.10","ENSG00000107159","CA9"
"hypoxia.11","ENSG00000074410","CA12"
"hypoxia.12","ENSG00000105974","CAV1"
"hypoxia.13","ENSG00000138764","CCNG2"
"hypoxia.14","ENSG00000067082","KLF6"
"hypoxia.15","ENSG00000120129","DUSP1"
"hypoxia.16","ENSG00000169242","EFNA1"
"hypoxia.17","ENSG00000111674","ENO2"
"hypoxia.18","ENSG00000117525","F3"
"hypoxia.19","ENSG00000170345","FOS"
"hypoxia.20","ENSG00000113580","NR3C1"
"hypoxia.21","ENSG00000104812","GYS1"
"hypoxia.22","ENSG00000100644","HIF1A"
"hypoxia.23","ENSG00000156515","HK1"
"hypoxia.24","ENSG00000159399","HK2"
"hypoxia.25","ENSG00000100292","HMOX1"
"hypoxia.26","ENSG00000146674","IGFBP3"
"hypoxia.27","ENSG00000136244","IL6"
"hypoxia.28","ENSG00000177606","JUN"
"hypoxia.29","ENSG00000134333","LDHA"
"hypoxia.30","ENSG00000113083","LOX"
"hypoxia.31","ENSG00000240972","MIF"
"hypoxia.32","ENSG00000119950","MXI1"
"hypoxia.33","ENSG00000165030","NFIL3"
"hypoxia.34","ENSG00000122884","P4HA1"
"hypoxia.35","ENSG00000106366","SERPINE1"
"hypoxia.36","ENSG00000145730","PAM"
"hypoxia.37","ENSG00000100311","PDGFB"
"hypoxia.38","ENSG00000152256","PDK1"
"hypoxia.39","ENSG00000170525","PFKFB3"
"hypoxia.40","ENSG00000114268","PFKFB4"
"hypoxia.41","ENSG00000067057","PFKP"
"hypoxia.42","ENSG00000119630","PGF"
"hypoxia.43","ENSG00000102144","PGK1"
"hypoxia.44","ENSG00000079739","PGM1"
"hypoxia.45","ENSG00000011422","PLAUR"
"hypoxia.46","ENSG00000152952","PLOD2"
"hypoxia.47","ENSG00000119938","PPP1R3C"
"hypoxia.48","ENSG00000258818","RNASE4"
"hypoxia.49","ENSG00000130066","SAT1"
"hypoxia.50","ENSG00000117394","SLC2A1"
"hypoxia.51","ENSG00000059804","SLC2A3"
"hypoxia.52","ENSG00000061656","SPAG4"
"hypoxia.53","ENSG00000159167","STC1"
"hypoxia.54","ENSG00000120708","TGFBI"
"hypoxia.55","ENSG00000111669","TPI1"
"hypoxia.56","ENSG00000112715","VEGFA"
"hypoxia.57","ENSG00000147852","VLDLR"
"hypoxia.58","ENSG00000121966","CXCR4"
"hypoxia.59","ENSG00000143847","PPFIA4"
"hypoxia.60","ENSG00000134107","BHLHE40"
"hypoxia.61","ENSG00000118263","KLF7"
"hypoxia.62","ENSG00000113739","STC2"
"hypoxia.63","ENSG00000164105","SAP30"
"hypoxia.64","ENSG00000072682","P4HA2"
"hypoxia.65","ENSG00000118804","STBD1"
"hypoxia.66","ENSG00000131016","AKAP12"
"hypoxia.67","ENSG00000164442","CITED2"
"hypoxia.68","ENSG00000104419","NDRG1"
"hypoxia.69","ENSG00000265972","TXNIP"
"hypoxia.70","ENSG00000188994","ZNF292"
"hypoxia.71","ENSG00000070495","JMJD6"
"hypoxia.72","ENSG00000185022","MAFF"
"hypoxia.73","ENSG00000114023","FAM162A"
"hypoxia.74","ENSG00000135245","HILPDA"
"hypoxia.75","ENSG00000197930","ERO1A"
"hypoxia.76","ENSG00000167772","ANGPTL4"
"hypoxia.77","ENSG00000168209","DDIT4"
"hypoxia.78","ENSG00000135766","EGLN1"
"hypoxia.79","ENSG00000114796","KLHL24"
"hypoxia.80","ENSG00000181458","TMEM45A"
"hypoxia.81","ENSG00000115548","KDM3A"
"hypoxia.82","ENSG00000186918","ZNF395"
"hypoxia.83","ENSG00000129521","EGLN3"
"inflammation.1","ENSG00000125845","BMP2"
"inflammation.2","ENSG00000013725","CD6"
"inflammation.3","ENSG00000172216","CEBPB"
"inflammation.4","ENSG00000126353","CCR7"
"inflammation.5","ENSG00000184371","CSF1"
"inflammation.6","ENSG00000117525","F3"
"inflammation.7","ENSG00000131187","F12"
"inflammation.8","ENSG00000158869","FCER1G"
"inflammation.9","ENSG00000086062","B4GALT1"
"inflammation.10","ENSG00000126262","FFAR2"
"inflammation.11","ENSG00000163739","CXCL1"
"inflammation.12","ENSG00000081041","CXCL2"
"inflammation.13","ENSG00000163734","CXCL3"
"inflammation.14","ENSG00000090339","ICAM1"
"inflammation.15","ENSG00000115008","IL1A"
"inflammation.16","ENSG00000125538","IL1B"
"inflammation.17","ENSG00000136244","IL6"
"inflammation.18","ENSG00000169429","CXCL8"
"inflammation.19","ENSG00000113302","IL12B"
"inflammation.20","ENSG00000049249","TNFRSF9"
"inflammation.21","ENSG00000150782","IL18"
"inflammation.22","ENSG00000169245","CXCL10"
"inflammation.23","ENSG00000134070","IRAK2"
"inflammation.24","ENSG00000164344","KLKB1"
"inflammation.25","ENSG00000109320","NFKB1"
"inflammation.26","ENSG00000077150","NFKB2"
"inflammation.27","ENSG00000173391","OLR1"
"inflammation.28","ENSG00000099985","OSM"
"inflammation.29","ENSG00000106366","SERPINE1"
"inflammation.30","ENSG00000034152","MAP2K3"
"inflammation.31","ENSG00000073756","PTGS2"
"inflammation.32","ENSG00000163661","PTX3"
"inflammation.33","ENSG00000162924","REL"
"inflammation.34","ENSG00000173039","RELA"
"inflammation.35","ENSG00000104856","RELB"
"inflammation.36","ENSG00000143546","S100A8"
"inflammation.37","ENSG00000108691","CCL2"
"inflammation.38","ENSG00000277632","CCL3"
"inflammation.39","ENSG00000275302","CCL4"
"inflammation.40","ENSG00000271503","CCL5"
"inflammation.41","ENSG00000108688","CCL7"
"inflammation.42","ENSG00000108700","CCL8"
"inflammation.43","ENSG00000275385","CCL18"
"inflammation.44","ENSG00000115009","CCL20"
"inflammation.45","ENSG00000274736","CCL23"
"inflammation.46","ENSG00000124875","CXCL6"
"inflammation.47","ENSG00000169248","CXCL11"
"inflammation.48","ENSG00000137801","THBS1"
"inflammation.49","ENSG00000137462","TLR2"
"inflammation.50","ENSG00000232810","TNF"
"inflammation.51","ENSG00000117586","TNFSF4"
"inflammation.52","ENSG00000162692","VCAM1"
"inflammation.53","ENSG00000114251","WNT5A"
"inflammation.54","ENSG00000104312","RIPK2"
"inflammation.55","ENSG00000176170","SPHK1"
"inflammation.56","ENSG00000121797","CCRL2"
"inflammation.57","ENSG00000145623","OSMR"
"inflammation.58","ENSG00000172575","RASGRP1"
"inflammation.59","ENSG00000145901","TNIP1"
"inflammation.60","ENSG00000132510","KDM6B"
"inflammation.61","ENSG00000196664","TLR7"
"inflammation.62","ENSG00000110944","IL23A"
"inflammation.63","ENSG00000168884","TNIP2"
"inflammation.64","ENSG00000163874","ZC3H12A"
"inflammation.65","ENSG00000121807","CCR2"
"inflammation.66","ENSG00000102794","ACOD1"
"inflammation.67","ENSG00000101384","JAG1"
"inflammation.68","ENSG00000070961","ATP2B1"
"inflammation.69","ENSG00000121594","CD80"
"inflammation.70","ENSG00000026508","CD44"
"inflammation.71","ENSG00000108342","CSF3"
"inflammation.72","ENSG00000196352","CD55"
"inflammation.73","ENSG00000078401","EDN1"
"inflammation.74","ENSG00000124882","EREG"
"inflammation.75","ENSG00000151726","ACSL1"
"inflammation.76","ENSG00000196371","FUT4"
"inflammation.77","ENSG00000131979","GCH1"
"inflammation.78","ENSG00000147257","GPC3"
"inflammation.79","ENSG00000115594","IL1R1"
"inflammation.80","ENSG00000105855","ITGB8"
"inflammation.81","ENSG00000128342","LIF"
"inflammation.82","ENSG00000277443","MARCKS"
"inflammation.83","ENSG00000100906","NFKBIA"
"inflammation.84","ENSG00000131669","NINJ1"
"inflammation.85","ENSG00000197632","SERPINB2"
"inflammation.86","ENSG00000011422","PLAUR"
"inflammation.87","ENSG00000143333","RGS16"
"inflammation.88","ENSG00000124145","SDC4"
"inflammation.89","ENSG00000110436","SLC1A2"
"inflammation.90","ENSG00000075618","FSCN1"
"inflammation.91","ENSG00000126561","STAT5A"
"inflammation.92","ENSG00000185215","TNFAIP2"
"inflammation.93","ENSG00000159388","BTG2"
"inflammation.94","ENSG00000175592","FOSL1"
"inflammation.95","ENSG00000184602","SNN"
"inflammation.96","ENSG00000162407","PLPP3"
"inflammation.97","ENSG00000125657","TNFSF9"
"inflammation.98","ENSG00000137331","IER3"
"inflammation.99","ENSG00000137860","SLC28A2"
"inflammation.100","ENSG00000125733","TRIP10"
"inflammation.101","ENSG00000189067","LITAF"
"inflammation.102","ENSG00000105835","NAMPT"
"inflammation.103","ENSG00000054523","KIF1B"
"inflammation.104","ENSG00000184014","DENND5A"
"inflammation.105","ENSG00000160223","ICOSLG"
"inflammation.106","ENSG00000087074","PPP1R15A"
"inflammation.107","ENSG00000185022","MAFF"
"inflammation.108","ENSG00000064393","HIPK2"
"inflammation.109","ENSG00000123689","G0S2"
"inflammation.110","ENSG00000136048","DRAM1"
"inflammation.111","ENSG00000145777","TSLP"
"inflammation.112","ENSG00000137393","RNF144B"
"invasion.1","ENSG00000106624","AEBP1"
"invasion.2","ENSG00000085662","AKR1B1"
"invasion.3","ENSG00000123505","AMD1"
"invasion.4","ENSG00000005022","SLC25A5"
"invasion.5","ENSG00000116459","ATP5PB"
"invasion.6","ENSG00000107262","BAG1"
"invasion.7","ENSG00000182492","BGN"
"invasion.8","ENSG00000173369","C1QB"
"invasion.9","ENSG00000122786","CALD1"
"invasion.10","ENSG00000042493","CAPG"
"invasion.11","ENSG00000105173","CCNE1"
"invasion.12","ENSG00000140937","CDH11"
"invasion.13","ENSG00000173207","CKS1B"
"invasion.14","ENSG00000123975","CKS2"
"invasion.15","ENSG00000108821","COL1A1"
"invasion.16","ENSG00000164692","COL1A2"
"invasion.17","ENSG00000168542","COL3A1"
"invasion.18","ENSG00000130635","COL5A1"
"invasion.19","ENSG00000204262","COL5A2"
"invasion.20","ENSG00000142173","COL6A2"
"invasion.21","ENSG00000163359","COL6A3"
"invasion.22","ENSG00000123500","COL10A1"
"invasion.23","ENSG00000060718","COL11A1"
"invasion.24","ENSG00000105664","COMP"
"invasion.25","ENSG00000124207","CSE1L"
"invasion.26","ENSG00000038427","VCAN"
"invasion.27","ENSG00000143387","CTSK"
"invasion.28","ENSG00000153071","DAB2"
"invasion.29","ENSG00000108654","DDX5"
"invasion.30","ENSG00000151617","EDNRA"
"invasion.31","ENSG00000078098","FAP"
"invasion.32","ENSG00000166147","FBN1"
"invasion.33","ENSG00000115414","FN1"
"invasion.34","ENSG00000087460","GNAS"
"invasion.35","ENSG00000164032","H2AFZ"
"invasion.36","ENSG00000164104","HMGB2"
"invasion.37","ENSG00000153187","HNRNPU"
"invasion.38","ENSG00000133835","HSD17B4"
"invasion.39","ENSG00000142871","CYR61"
"invasion.40","ENSG00000122641","INHBA"
"invasion.41","ENSG00000091136","LAMB1"
"invasion.42","ENSG00000135862","LAMC1"
"invasion.43","ENSG00000100097","LGALS1"
"invasion.44","ENSG00000113083","LOX"
"invasion.45","ENSG00000134013","LOXL2"
"invasion.46","ENSG00000139329","LUM"
"invasion.47","ENSG00000087245","MMP2"
"invasion.48","ENSG00000099953","MMP11"
"invasion.49","ENSG00000099783","HNRNPM"
"invasion.50","ENSG00000099795","NDUFB7"
"invasion.51","ENSG00000065978","YBX1"
"invasion.52","ENSG00000113721","PDGFRB"
"invasion.53","ENSG00000122861","PLAU"
"invasion.54","ENSG00000116132","PRRX1"
"invasion.55","ENSG00000100941","PNN"
"invasion.56","ENSG00000168938","PPIC"
"invasion.57","ENSG00000184500","PROS1"
"invasion.58","ENSG00000106588","PSMA2"
"invasion.59","ENSG00000159377","PSMB4"
"invasion.60","ENSG00000117152","RGS4"
"invasion.61","ENSG00000019549","SNAI2"
"invasion.62","ENSG00000152377","SPOCK1"
"invasion.63","ENSG00000120708","TGFBI"
"invasion.64","ENSG00000186340","THBS2"
"invasion.65","ENSG00000154096","THY1"
"invasion.66","ENSG00000123610","TNFAIP6"
"invasion.67","ENSG00000169139","UBE2V2"
"invasion.68","ENSG00000148848","ADAM12"
"invasion.69","ENSG00000197614","MFAP5"
"invasion.70","ENSG00000198542","ITGBL1"
"invasion.71","ENSG00000115129","TP53I3"
"invasion.72","ENSG00000074590","NUAK1"
"invasion.73","ENSG00000152795","HNRNPDL"
"invasion.74","ENSG00000115514","TXNDC9"
"invasion.75","ENSG00000128606","LRRC17"
"invasion.76","ENSG00000216490","IFI30"
"invasion.77","ENSG00000133110","POSTN"
"invasion.78","ENSG00000108468","CBX1"
"invasion.79","ENSG00000087303","NID2"
"invasion.80","ENSG00000133818","RRAS2"
"invasion.81","ENSG00000125970","RALY"
"invasion.82","ENSG00000179918","SEPHS2"
"invasion.83","ENSG00000164683","HEY1"
"invasion.84","ENSG00000101825","MXRA5"
"invasion.85","ENSG00000162745","OLFML2B"
"invasion.86","ENSG00000249992","TMEM158"
"invasion.87","ENSG00000018408","WWTR1"
"invasion.88","ENSG00000166923","GREM1"
"invasion.89","ENSG00000086991","NOX4"
"invasion.90","ENSG00000111729","CLEC4A"
"invasion.91","ENSG00000005243","COPZ2"
"invasion.92","ENSG00000106819","ASPN"
"invasion.93","ENSG00000103888","CEMIP"
"invasion.94","ENSG00000103196","CRISPLD2"
"invasion.95","ENSG00000176014","TUBB6"
"invasion.96","ENSG00000172061","LRRC15"
"invasion.97","ENSG00000196230","TUBB"
"metastasis.1","ENSG00000144476","ACKR3"
"metastasis.2","ENSG00000081051","AFP"
"metastasis.3","ENSG00000106541","AGR2"
"metastasis.4","ENSG00000142208","AKT1"
"metastasis.5","ENSG00000165092","ALDH1A1"
"metastasis.6","ENSG00000167772","ANGPTL4"
"metastasis.7","ENSG00000135046","ANXA1"
"metastasis.8","ENSG00000182718","ANXA2"
"metastasis.9","ENSG00000161798","AQP5"
"metastasis.10","ENSG00000162772","ATF3"
"metastasis.11","ENSG00000087586","AURKA"
"metastasis.12","ENSG00000167601","AXL"
"metastasis.13","ENSG00000166710","B2M"
"metastasis.14","ENSG00000168283","BMI1"
"metastasis.15","ENSG00000125845","BMP2"
"metastasis.16","ENSG00000157764","BRAF"
"metastasis.17","ENSG00000172270","BSG"
"metastasis.18","ENSG00000107159","CA9"
"metastasis.19","ENSG00000115355","CCDC88A"
"metastasis.20","ENSG00000110092","CCND1"
"metastasis.21","ENSG00000126353","CCR7"
"metastasis.22","ENSG00000272398","CD24"
"metastasis.23","ENSG00000120217","CD274"
"metastasis.24","ENSG00000026508","CD44"
"metastasis.25","ENSG00000163814","CDCP1"
"metastasis.26","ENSG00000079112","CDH17"
"metastasis.27","ENSG00000170558","CDH2"
"metastasis.28","ENSG00000079385","CEACAM1"
"metastasis.29","ENSG00000105388","CEACAM5"
"metastasis.30","ENSG00000213719","CLIC1"
"metastasis.31","ENSG00000132693","CRP"
"metastasis.32","ENSG00000118523","CTGF"
"metastasis.33","ENSG00000198561","CTNND1"
"metastasis.34","ENSG00000164733","CTSB"
"metastasis.35","ENSG00000143387","CTSK"
"metastasis.36","ENSG00000135047","CTSL"
"metastasis.37","ENSG00000085733","CTTN"
"metastasis.38","ENSG00000107562","CXCL12"
"metastasis.39","ENSG00000081041","CXCL2"
"metastasis.40","ENSG00000169429","CXCL8"
"metastasis.41","ENSG00000180871","CXCR2"
"metastasis.42","ENSG00000142871","CYR61"
"metastasis.43","ENSG00000162733","DDR2"
"metastasis.44","ENSG00000138798","EGF"
"metastasis.45","ENSG00000146648","EGFR"
"metastasis.46","ENSG00000120738","EGR1"
"metastasis.47","ENSG00000116016","EPAS1"
"metastasis.48","ENSG00000119888","EPCAM"
"metastasis.49","ENSG00000141736","ERBB2"
"metastasis.50","ENSG00000065361","ERBB3"
"metastasis.51","ENSG00000091831","ESR1"
"metastasis.52","ENSG00000140009","ESR2"
"metastasis.53","ENSG00000106462","EZH2"
"metastasis.54","ENSG00000092820","EZR"
"metastasis.55","ENSG00000164251","F2RL1"
"metastasis.56","ENSG00000077782","FGFR1"
"metastasis.57","ENSG00000132589","FLOT2"
"metastasis.58","ENSG00000102755","FLT1"
"metastasis.59","ENSG00000037280","FLT4"
"metastasis.60","ENSG00000115414","FN1"
"metastasis.61","ENSG00000176692","FOXC2"
"metastasis.62","ENSG00000111206","FOXM1"
"metastasis.63","ENSG00000111087","GLI1"
"metastasis.64","ENSG00000019991","HGF"
"metastasis.65","ENSG00000100644","HIF1A"
"metastasis.66","ENSG00000137309","HMGA1"
"metastasis.67","ENSG00000149948","HMGA2"
"metastasis.68","ENSG00000173083","HPSE"
"metastasis.69","ENSG00000125968","ID1"
"metastasis.70","ENSG00000131203","IDO1"
"metastasis.71","ENSG00000140443","IGF1R"
"metastasis.72","ENSG00000136231","IGF2BP3"
"metastasis.73","ENSG00000136244","IL6"
"metastasis.74","ENSG00000005884","ITGA3"
"metastasis.75","ENSG00000161638","ITGA5"
"metastasis.76","ENSG00000091409","ITGA6"
"metastasis.77","ENSG00000138448","ITGAV"
"metastasis.78","ENSG00000150093","ITGB1"
"metastasis.79","ENSG00000259207","ITGB3"
"metastasis.80","ENSG00000101384","JAG1"
"metastasis.81","ENSG00000128052","KDR"
"metastasis.82","ENSG00000133703","KRAS"
"metastasis.83","ENSG00000171345","KRT19"
"metastasis.84","ENSG00000198910","L1CAM"
"metastasis.85","ENSG00000058085","LAMC2"
"metastasis.86","ENSG00000002834","LASP1"
"metastasis.87","ENSG00000131981","LGALS3"
"metastasis.88","ENSG00000113083","LOX"
"metastasis.89","ENSG00000134013","LOXL2"
"metastasis.90","ENSG00000183742","MACC1"
"metastasis.91","ENSG00000076706","MCAM"
"metastasis.92","ENSG00000135679","MDM2"
"metastasis.93","ENSG00000105976","MET"
"metastasis.94","ENSG00000240972","MIF"
"metastasis.95","ENSG00000148773","MKI67"
"metastasis.96","ENSG00000196549","MME"
"metastasis.97","ENSG00000196611","MMP1"
"metastasis.98","ENSG00000099953","MMP11"
"metastasis.99","ENSG00000137745","MMP13"
"metastasis.100","ENSG00000157227","MMP14"
"metastasis.101","ENSG00000087245","MMP2"
"metastasis.102","ENSG00000149968","MMP3"
"metastasis.103","ENSG00000137673","MMP7"
"metastasis.104","ENSG00000100985","MMP9"
"metastasis.105","ENSG00000147065","MSN"
"metastasis.106","ENSG00000164078","MST1R"
"metastasis.107","ENSG00000182979","MTA1"
"metastasis.108","ENSG00000147649","MTDH"
"metastasis.109","ENSG00000185499","MUC1"
"metastasis.110","ENSG00000136997","MYC"
"metastasis.111","ENSG00000111859","NEDD9"
"metastasis.112","ENSG00000148400","NOTCH1"
"metastasis.113","ENSG00000148053","NTRK2"
"metastasis.114","ENSG00000132646","PCNA"
"metastasis.115","ENSG00000134853","PDGFRA"
"metastasis.116","ENSG00000162493","PDPN"
"metastasis.117","ENSG00000121879","PIK3CA"
"metastasis.118","ENSG00000067225","PKM"
"metastasis.119","ENSG00000122861","PLAU"
"metastasis.120","ENSG00000011422","PLAUR"
"metastasis.121","ENSG00000133110","POSTN"
"metastasis.122","ENSG00000163558","PRKCI"
"metastasis.123","ENSG00000007062","PROM1"
"metastasis.124","ENSG00000167653","PSCA"
"metastasis.125","ENSG00000073756","PTGS2"
"metastasis.126","ENSG00000087494","PTHLH"
"metastasis.127","ENSG00000169398","PTK2"
"metastasis.128","ENSG00000184489","PTP4A3"
"metastasis.129","ENSG00000164611","PTTG1"
"metastasis.130","ENSG00000089159","PXN"
"metastasis.131","ENSG00000132698","RAB25"
"metastasis.132","ENSG00000136238","RAC1"
"metastasis.133","ENSG00000173039","RELA"
"metastasis.134","ENSG00000155366","RHOC"
"metastasis.135","ENSG00000067900","ROCK1"
"metastasis.136","ENSG00000196154","S100A4"
"metastasis.137","ENSG00000182568","SATB1"
"metastasis.138","ENSG00000137575","SDCBP"
"metastasis.139","ENSG00000007908","SELE"
"metastasis.140","ENSG00000174175","SELP"
"metastasis.141","ENSG00000117394","SLC2A1"
"metastasis.142","ENSG00000124216","SNAI1"
"metastasis.143","ENSG00000019549","SNAI2"
"metastasis.144","ENSG00000173267","SNCG"
"metastasis.145","ENSG00000124766","SOX4"
"metastasis.146","ENSG00000113140","SPARC"
"metastasis.147","ENSG00000118785","SPP1"
"metastasis.148","ENSG00000197122","SRC"
"metastasis.149","ENSG00000168610","STAT3"
"metastasis.150","ENSG00000117632","STMN1"
"metastasis.151","ENSG00000164362","TERT"
"metastasis.152","ENSG00000120708","TGFBI"
"metastasis.153","ENSG00000198959","TGM2"
"metastasis.154","ENSG00000102265","TIMP1"
"metastasis.155","ENSG00000137648","TMPRSS4"
"metastasis.156","ENSG00000120659","TNFSF11"
"metastasis.157","ENSG00000025708","TYMP"
"metastasis.158","ENSG00000038427","VCAN"
"metastasis.159","ENSG00000112715","VEGFA"
"metastasis.160","ENSG00000150630","VEGFC"
"metastasis.161","ENSG00000165197","VEGFD"
"metastasis.162","ENSG00000026025","VIM"
"metastasis.163","ENSG00000132970","WASF3"
"metastasis.164","ENSG00000137693","YAP1"
"metastasis.165","ENSG00000148516","ZEB1"
"metastasis.166","ENSG00000169554","ZEB2"
"proliferation.1","ENSG00000156110","ADK"
"proliferation.2","ENSG00000087088","BAX"
"proliferation.3","ENSG00000110092","CCND1"
"proliferation.4","ENSG00000107779","BMPR1A"
"proliferation.5","ENSG00000156970","BUB1B"
"proliferation.6","ENSG00000145386","CCNA2"
"proliferation.7","ENSG00000134057","CCNB1"
"proliferation.8","ENSG00000101017","CD40"
"proliferation.9","ENSG00000170312","CDK1"
"proliferation.10","ENSG00000117399","CDC20"
"proliferation.11","ENSG00000051523","CYBA"
"proliferation.12","ENSG00000164104","HMGB2"
"proliferation.13","ENSG00000115457","IGFBP2"
"proliferation.14","ENSG00000148773","MKI67"
"proliferation.15","ENSG00000184304","PRKD1"
"proliferation.16","ENSG00000120156","TEK"
"proliferation.17","ENSG00000167900","TK1"
"proliferation.18","ENSG00000131747","TOP2A"
"proliferation.19","ENSG00000126787","DLGAP5"
"proliferation.20","ENSG00000165304","MELK"
"proliferation.21","ENSG00000101003","GINS1"
"proliferation.22","ENSG00000118193","KIF14"
"proliferation.23","ENSG00000161800","RACGAP1"
"proliferation.24","ENSG00000066279","ASPM"
"proliferation.25","ENSG00000272398","CD24"
"proliferation.26","ENSG00000006210","CX3CL1"
"proliferation.27","ENSG00000017427","IGF1"
"proliferation.28","ENSG00000019582","CD74"
"proliferation.29","ENSG00000073282","TP63"
"proliferation.30","ENSG00000077782","FGFR1"
"proliferation.31","ENSG00000080166","DCT"
"proliferation.32","ENSG00000081237","PTPRC"
"proliferation.33","ENSG00000089116","LHX5"
"proliferation.34","ENSG00000091831","ESR1"
"proliferation.35","ENSG00000097007","ABL1"
"proliferation.36","ENSG00000100219","XBP1"
"proliferation.37","ENSG00000100311","PDGFB"
"proliferation.38","ENSG00000100644","HIF1A"
"proliferation.39","ENSG00000102245","CD40LG"
"proliferation.40","ENSG00000102678","FGF9"
"proliferation.41","ENSG00000104290","FZD3"
"proliferation.42","ENSG00000104312","RIPK2"
"proliferation.43","ENSG00000105245","NUMBL"
"proliferation.44","ENSG00000105246","EBI3"
"proliferation.45","ENSG00000105989","WNT2"
"proliferation.46","ENSG00000109471","IL2"
"proliferation.47","ENSG00000110944","IL23A"
"proliferation.48","ENSG00000112715","VEGFA"
"proliferation.49","ENSG00000112902","SEMA5A"
"proliferation.50","ENSG00000113520","IL4"
"proliferation.51","ENSG00000114013","CD86"
"proliferation.52","ENSG00000115415","STAT1"
"proliferation.53","ENSG00000115738","ID2"
"proliferation.54","ENSG00000116641","DOCK7"
"proliferation.55","ENSG00000117090","SLAMF1"
"proliferation.56","ENSG00000117586","TNFSF4"
"proliferation.57","ENSG00000125084","WNT1"
"proliferation.58","ENSG00000125657","TNFSF9"
"proliferation.59","ENSG00000125686","MED1"
"proliferation.60","ENSG00000128602","SMO"
"proliferation.61","ENSG00000136869","TLR4"
"proliferation.62","ENSG00000136997","MYC"
"proliferation.63","ENSG00000138795","LEF1"
"proliferation.64","ENSG00000139352","ASCL1"
"proliferation.65","ENSG00000140285","FGF7"
"proliferation.66","ENSG00000143867","OSR1"
"proliferation.67","ENSG00000150782","IL18"
"proliferation.68","ENSG00000154342","WNT3A"
"proliferation.69","ENSG00000154764","WNT7A"
"proliferation.70","ENSG00000162946","DISC1"
"proliferation.71","ENSG00000163217","BMP10"
"proliferation.72","ENSG00000165025","SYK"
"proliferation.73","ENSG00000169194","IL13"
"proliferation.74","ENSG00000171791","BCL2"
"proliferation.75","ENSG00000172201","ID4"
"proliferation.76","ENSG00000173757","STAT5B"
"proliferation.77","ENSG00000174059","CD34"
"proliferation.78","ENSG00000178971","CTC1"
"proliferation.79","ENSG00000184058","TBX1"
"proliferation.80","ENSG00000185950","IRS2"
"proliferation.81","ENSG00000186827","TNFRSF4"
"proliferation.82","ENSG00000189403","HMGB1"
"proliferation.83","ENSG00000198026","ZNF335"
"proliferation.84","ENSG00000198435","NRARP"
"proliferation.85","ENSG00000204217","BMPR2"
"proliferation.86","ENSG00000204305","AGER"
"proliferation.87","ENSG00000240972","MIF"
"proliferation.88","ENSG00000271503","CCL5"
"quiescence.1","ENSG00000012779","ALOX5"
"quiescence.2","ENSG00000164111","ANXA5"
"quiescence.3","ENSG00000109321","AREG"
"quiescence.4","ENSG00000095794","CREM"
"quiescence.5","ENSG00000145708","CRHBP"
"quiescence.6","ENSG00000134531","EMP1"
"quiescence.7","ENSG00000126860","EVI2A"
"quiescence.8","ENSG00000162645","GBP2"
"quiescence.9","ENSG00000163739","CXCL1"
"quiescence.10","ENSG00000081041","CXCL2"
"quiescence.11","ENSG00000163734","CXCL3"
"quiescence.12","ENSG00000164116","GUCY1A1"
"quiescence.13","ENSG00000189060","H1F0"
"quiescence.14","ENSG00000244734","HBB"
"quiescence.15","ENSG00000136630","HLX"
"quiescence.16","ENSG00000125538","IL1B"
"quiescence.17","ENSG00000169429","CXCL8"
"quiescence.18","ENSG00000122641","INHBA"
"quiescence.19","ENSG00000169245","CXCL10"
"quiescence.20","ENSG00000177606","JUN"
"quiescence.21","ENSG00000169908","TM4SF1"
"quiescence.22","ENSG00000171843","MLLT3"
"quiescence.23","ENSG00000153234","NR4A2"
"quiescence.24","ENSG00000197632","SERPINB2"
"quiescence.25","ENSG00000184226","PCDH9"
"quiescence.26","ENSG00000183395","PMCH"
"quiescence.27","ENSG00000073756","PTGS2"
"quiescence.28","ENSG00000081237","PTPRC"
"quiescence.29","ENSG00000090104","RGS1"
"quiescence.30","ENSG00000112077","RHAG"
"quiescence.31","ENSG00000135452","TSPAN31"
"quiescence.32","ENSG00000108700","CCL8"
"quiescence.33","ENSG00000172724","CCL19"
"quiescence.34","ENSG00000115009","CCL20"
"quiescence.35","ENSG00000124875","CXCL6"
"quiescence.36","ENSG00000169248","CXCL11"
"quiescence.37","ENSG00000163735","CXCL5"
"quiescence.38","ENSG00000136527","TRA2B"
"quiescence.39","ENSG00000115306","SPTBN1"
"quiescence.40","ENSG00000197321","SVIL"
"quiescence.41","ENSG00000148737","TCF7L2"
"quiescence.42","ENSG00000003436","TFPI"
"quiescence.43","ENSG00000140682","TGFB1I1"
"quiescence.44","ENSG00000146242","TPBG"
"quiescence.45","ENSG00000117586","TNFSF4"
"quiescence.46","ENSG00000114416","FXR1"
"quiescence.47","ENSG00000180530","NRIP1"
"quiescence.48","ENSG00000180573","HIST1H2AC"
"quiescence.49","ENSG00000184678","HIST2H2BE"
"quiescence.50","ENSG00000110841","PPFIBP1"
"quiescence.51","ENSG00000121858","TNFSF10"
"quiescence.52","ENSG00000115604","IL18R1"
"quiescence.53","ENSG00000112299","VNN1"
"quiescence.54","ENSG00000115165","CYTIP"
"quiescence.55","ENSG00000123240","OPTN"
"quiescence.56","ENSG00000149573","MPZL2"
"quiescence.57","ENSG00000156234","CXCL13"
"quiescence.58","ENSG00000102908","NFAT5"
"quiescence.59","ENSG00000139278","GLIPR1"
"quiescence.60","ENSG00000157110","RBPMS"
"quiescence.61","ENSG00000187239","FNBP1"
"quiescence.62","ENSG00000185022","MAFF"
"quiescence.63","ENSG00000164548","TRA2A"
"quiescence.64","ENSG00000197253","TPSB2"
"quiescence.65","ENSG00000205189","ZBTB10"
"quiescence.66","ENSG00000197903","HIST1H2BK"
"stemness.1","ENSG00000183077","AFMID"
"stemness.2","ENSG00000081051","AFP"
"stemness.3","ENSG00000166825","ANPEP"
"stemness.4","ENSG00000134982","APC"
"stemness.5","ENSG00000240583","AQP1"
"stemness.6","ENSG00000139352","ASCL1"
"stemness.7","ENSG00000183734","ASCL2"
"stemness.8","ENSG00000168646","AXIN2"
"stemness.9","ENSG00000160862","AZGP1"
"stemness.10","ENSG00000123636","BAZ2B"
"stemness.11","ENSG00000168283","BMI1"
"stemness.12","ENSG00000144857","BOC"
"stemness.13","ENSG00000112308","C6orf62"
"stemness.14","ENSG00000104267","CA2"
"stemness.15","ENSG00000162545","CAMK2N1"
"stemness.16","ENSG00000271503","CCL5"
"stemness.17","ENSG00000118971","CCND2"
"stemness.18","ENSG00000091972","CD200"
"stemness.19","ENSG00000272398","CD24"
"stemness.20","ENSG00000105383","CD33"
"stemness.21","ENSG00000004468","CD38"
"stemness.22","ENSG00000026508","CD44"
"stemness.23","ENSG00000144354","CDCA7"
"stemness.24","ENSG00000105810","CDK6"
"stemness.25","ENSG00000245848","CEBPA"
"stemness.26","ENSG00000001626","CFTR"
"stemness.27","ENSG00000171316","CHD7"
"stemness.28","ENSG00000110880","CORO1C"
"stemness.29","ENSG00000081041","CXCL2"
"stemness.30","ENSG00000109851","DBX1"
"stemness.31","ENSG00000185610","DBX2"
"stemness.32","ENSG00000119772","DNMT3A"
"stemness.33","ENSG00000197635","DPP4"
"stemness.34","ENSG00000164330","EBF1"
"stemness.35","ENSG00000156508","EEF1A1"
"stemness.36","ENSG00000146648","EGFR"
"stemness.37","ENSG00000063046","EIF4B"
"stemness.38","ENSG00000135638","EMX1"
"stemness.39","ENSG00000170370","EMX2"
"stemness.40","ENSG00000106991","ENG"
"stemness.41","ENSG00000133216","EPHB2"
"stemness.42","ENSG00000157557","ETS2"
"stemness.43","ENSG00000006468","ETV1"
"stemness.44","ENSG00000126860","EVI2A"
"stemness.45","ENSG00000106462","EZH2"
"stemness.46","ENSG00000164434","FABP7"
"stemness.47","ENSG00000162981","FAM84A"
"stemness.48","ENSG00000162458","FBLIM1"
"stemness.49","ENSG00000161243","FBXO27"
"stemness.50","ENSG00000101311","FERMT1"
"stemness.51","ENSG00000125798","FOXA2"
"stemness.52","ENSG00000170608","FOXA3"
"stemness.53","ENSG00000176165","FOXG1"
"stemness.54","ENSG00000102145","GATA1"
"stemness.55","ENSG00000179348","GATA2"
"stemness.56","ENSG00000107485","GATA3"
"stemness.57","ENSG00000136574","GATA4"
"stemness.58","ENSG00000131095","GFAP"
"stemness.59","ENSG00000162676","GFI1"
"stemness.60","ENSG00000111087","GLI1"
"stemness.61","ENSG00000147257","GPC3"
"stemness.62","ENSG00000150625","GPM6A"
"stemness.63","ENSG00000121957","GPSM2"
"stemness.64","ENSG00000176153","GPX2"
"stemness.65","ENSG00000130600","H19"
"stemness.66","ENSG00000132475","H3F3B"
"stemness.67","ENSG00000074696","HACD3"
"stemness.68","ENSG00000145681","HAPLN1"
"stemness.69","ENSG00000221932","HEPN1"
"stemness.70","ENSG00000114315","HES1"
"stemness.71","ENSG00000169045","HNRNPH1"
"stemness.72","ENSG00000104824","HNRNPL"
"stemness.73","ENSG00000171476","HOPX"
"stemness.74","ENSG00000090339","ICAM1"
"stemness.75","ENSG00000138413","IDH1"
"stemness.76","ENSG00000185811","IKZF1"
"stemness.77","ENSG00000177508","IRX3"
"stemness.78","ENSG00000169896","ITGAM"
"stemness.79","ENSG00000128052","KDR"
"stemness.80","ENSG00000157404","KIT"
"stemness.81","ENSG00000129451","KLK10"
"stemness.82","ENSG00000186847","KRT14"
"stemness.83","ENSG00000150457","LATS2"
"stemness.84","ENSG00000139292","LGR5"
"stemness.85","ENSG00000205791","LOH12CR2"
"stemness.86","ENSG00000144749","LRIG1"
"stemness.87","ENSG00000167656","LY6D"
"stemness.88","ENSG00000090382","LYZ"
"stemness.89","ENSG00000251562","MALAT1"
"stemness.90","ENSG00000172197","MBOAT1"
"stemness.91","ENSG00000166823","MESP1"
"stemness.92","ENSG00000188095","MESP2"
"stemness.93","ENSG00000165819","METTL3"
"stemness.94","ENSG00000078403","MLLT10"
"stemness.95","ENSG00000196549","MME"
"stemness.96","ENSG00000118513","MYB"
"stemness.97","ENSG00000136997","MYC"
"stemness.98","ENSG00000111704","NANOG"
"stemness.99","ENSG00000149294","NCAM1"
"stemness.100","ENSG00000197168","NEK5"
"stemness.101","ENSG00000184613","NELL2"
"stemness.102","ENSG00000123405","NFE2"
"stemness.103","ENSG00000162599","NFIA"
"stemness.104","ENSG00000147862","NFIB"
"stemness.105","ENSG00000183072","NKX2-5"
"stemness.106","ENSG00000156574","NODAL"
"stemness.107","ENSG00000135318","NT5E"
"stemness.108","ENSG00000102837","OLFM4"
"stemness.109","ENSG00000079482","OPHN1"
"stemness.110","ENSG00000091651","ORC6"
"stemness.111","ENSG00000070756","PABPC1"
"stemness.112","ENSG00000007372","PAX6"
"stemness.113","ENSG00000204531","POU5F1"
"stemness.114","ENSG00000007062","PROM1"
"stemness.115","ENSG00000112655","PTK7"
"stemness.116","ENSG00000187514","PTMA"
"stemness.117","ENSG00000081237","PTPRC"
"stemness.118","ENSG00000144724","PTPRG"
"stemness.119","ENSG00000151490","PTPRO"
"stemness.120","ENSG00000105426","PTPRS"
"stemness.121","ENSG00000106278","PTPRZ1"
"stemness.122","ENSG00000011478","QPCTL"
"stemness.123","ENSG00000188060","RAB42"
"stemness.124","ENSG00000197291","RAMP2-AS1"
"stemness.125","ENSG00000004534","RBM6"
"stemness.126","ENSG00000174136","RGMB"
"stemness.127","ENSG00000108375","RNF43"
"stemness.128","ENSG00000159216","RUNX1"
"stemness.129","ENSG00000119335","SET"
"stemness.130","ENSG00000064651","SLC12A2"
"stemness.131","ENSG00000175387","SMAD2"
"stemness.132","ENSG00000112562","SMOC2"
"stemness.133","ENSG00000182968","SOX1"
"stemness.134","ENSG00000176887","SOX11"
"stemness.135","ENSG00000164736","SOX17"
"stemness.136","ENSG00000181449","SOX2"
"stemness.137","ENSG00000134595","SOX3"
"stemness.138","ENSG00000124766","SOX4"
"stemness.139","ENSG00000125398","SOX9"
"stemness.140","ENSG00000136206","SPDYE1"
"stemness.141","ENSG00000170092","SPDYE5"
"stemness.142","ENSG00000153820","SPHKAP"
"stemness.143","ENSG00000171943","SRGAP2C"
"stemness.144","ENSG00000117632","STMN1"
"stemness.145","ENSG00000104435","STMN2"
"stemness.146","ENSG00000162367","TAL1"
"stemness.147","ENSG00000203705","TATDN3"
"stemness.148","ENSG00000140262","TCF12"
"stemness.149","ENSG00000196628","TCF4"
"stemness.150","ENSG00000241186","TDGF1"
"stemness.151","ENSG00000114126","TFDP2"
"stemness.152","ENSG00000072274","TFRC"
"stemness.153","ENSG00000154096","THY1"
"stemness.154","ENSG00000185361","TNFAIP8L1"
"stemness.155","ENSG00000103460","TOX3"
"stemness.156","ENSG00000164548","TRA2A"
"stemness.157","ENSG00000000003","TSPAN6"
"stemness.158","ENSG00000174607","UGT8"
"stemness.159","ENSG00000112715","VEGFA"
"stemness.160","ENSG00000160062","ZBTB8A"
"stemness.161","ENSG00000188227","ZNF793"
"stemness.162","ENSG00000118777","ABCG2"
"stemness.163","ENSG00000165092","ALDH1A1"
"stemness.164","ENSG00000184254","ALDH1A3"
"stemness.165","ENSG00000187957","DNER"
"stemness.166","ENSG00000105976","MET"
